Policy_ID;Loss_Ratio;Actual_Risk_Status;Current_Premium_USD;Customer_LTV_USD;Churn_Prob;Projected_Loss_USD
POL-10000;0,353676657;0;790;6620;0,292216452;210
POL-10001;0,248558066;0;1140;6110;0,101950084;530
POL-10002;0,415959087;1;760;8490;0,240033418;1540
POL-10003;0,159967576;0;970;4580;0,184964757;530
POL-10004;0,550283078;1;1280;8510;0,282048064;4280
POL-10005;0,110945288;0;1410;6310;0,297841996;600
POL-10006;0,509896642;1;1340;8230;0,111260112;4840
POL-10007;0,177270379;0;1040;5250;0,253153744;60
POL-10008;0,198290472;0;1110;8060;0,106972252;140
POL-10009;0,376236788;0;1080;4890;0,087199478;110
POL-10010;0,543466804;1;1390;9790;0,32908883;5310
POL-10011;0,084763763;0;1280;6340;0,099316721;660
POL-10012;0,357928793;0;1140;5640;0,11843958;770
POL-10013;0,273320774;0;1090;4150;0,089097202;60
POL-10014;0,134376141;0;1120;6840;0,191087567;140
POL-10015;0,35325485;0;1250;6200;0,325882197;760
POL-10016;0,132790121;0;1590;3830;0,129216722;790
POL-10017;0,326434368;0;1300;5030;0,212555639;410
POL-10018;0,165810401;0;1170;2590;0,173437621;810
POL-10019;0,207734215;0;1150;4240;0,150802823;490
POL-10020;0,263408488;0;1680;6250;0,221645807;820
POL-10021;0,39001433;0;1460;7210;0,21766787;690
POL-10022;0,15364547;0;1490;5850;0,15780998;290
POL-10023;0,305502351;0;1440;7440;0,305168989;530
POL-10024;0,203313881;0;1240;4580;0,065951632;240
POL-10025;0,183876876;0;1550;7390;0,075571519;590
POL-10026;0,367824087;0;880;6350;0,347234378;60
POL-10027;0,202096766;0;1640;6090;0,274304874;490
POL-10028;0,186339505;0;1440;6490;0,291178671;420
POL-10029;0,2835203;1;1370;5300;0,230810323;4340
POL-10030;0,100399303;0;1060;3430;0,175958128;110
POL-10031;0,207729389;0;1480;4410;0,238768064;820
POL-10032;0,309637707;0;1540;3680;0,077775412;500
POL-10033;0,0443858;0;1070;6040;0,27733075;620
POL-10034;0,124579213;0;1080;7870;0,212222914;640
POL-10035;0,21100332;0;990;9470;0,337019567;190
POL-10036;0,358188755;0;1390;5580;0,241242577;450
POL-10037;0,652242266;1;1230;6180;0,095507761;5690
POL-10038;0,162266026;0;1780;10270;0,193265034;670
POL-10039;0,069424295;0;870;5690;0,067346675;530
POL-10040;0,076848081;0;1030;5250;0,273628868;430
POL-10041;0,174433517;0;1250;6240;0,200549456;570
POL-10042;0,543453747;1;1420;5650;0,160896011;4830
POL-10043;0,061653913;0;1400;5140;0,340564815;180
POL-10044;0,235686507;0;1270;3680;0,332179556;550
POL-10045;0,313294127;0;1340;9690;0,335849599;140
POL-10046;0,152583315;0;1280;7600;0,116291073;280
POL-10047;0,386886336;0;1510;9730;0,268570879;280
POL-10048;0,48458976;1;1110;8410;0,333614641;3610
POL-10049;0,095938778;0;1140;6530;0,221261077;680
POL-10050;0,366224158;0;1420;3160;0,114248103;190
POL-10051;0,298372843;0;1640;4680;0,295343739;900
POL-10052;0,223766367;0;1090;5800;0,313975474;160
POL-10053;0,164291649;0;1310;4570;0,260970616;230
POL-10054;0,461385827;1;1160;2860;0,138065863;2940
POL-10055;0,098321461;0;1390;4720;0,10720817;80
POL-10056;0,179247513;0;840;6110;0,23728094;150
POL-10057;0,343018733;0;1160;9680;0,194840157;220
POL-10058;0,274669838;0;1110;5150;0,250634817;260
POL-10059;0,443294578;0;1160;7810;0,0835099;330
POL-10060;0,132724432;0;620;4550;0,090774065;70
POL-10061;0,400643088;0;1760;6050;0,158866867;620
POL-10062;0,322596039;0;630;6430;0,127628086;200
POL-10063;0,292361826;0;1370;9700;0,235801589;630
POL-10064;0,113576973;0;930;1160;0,160262159;570
POL-10065;0,341558957;0;940;4880;0,255191236;230
POL-10066;0,169995874;0;1280;6990;0,280639521;520
POL-10067;0,801473205;1;1420;7340;0,106150271;6550
POL-10068;0,131770624;0;980;4150;0,325947151;70
POL-10069;0,125499659;0;970;6420;0,286147952;570
POL-10070;0,337013895;1;930;6530;0,238034241;3400
POL-10071;0,034398622;0;1300;9440;0,322678656;70
POL-10072;0,15937752;0;990;6920;0,129760625;210
POL-10073;0,261515845;0;1570;6220;0,176513961;390
POL-10074;0,249119402;0;960;5090;0,075736094;550
POL-10075;0,068586925;0;1390;7720;0,186854546;760
POL-10076;0,459506407;1;1640;5990;0,201920219;6970
POL-10077;0,541478139;1;1270;5370;0,234820077;2830
POL-10078;0,260596062;0;800;4540;0,069211764;240
POL-10079;0,067535907;0;1350;5910;0,059739806;780
POL-10080;0,046768835;0;1190;7900;0,17596705;410
POL-10081;0,127131477;0;1240;5470;0,106739994;160
POL-10082;0,326598726;0;1650;6570;0,277636503;120
POL-10083;0,119124865;0;1260;5390;0,250620885;340
POL-10084;0,107767046;0;1380;6840;0,147748092;200
POL-10085;0,324601026;0;1080;6670;0,06373498;580
POL-10086;0,219354491;0;1180;4930;0,104733087;270
POL-10087;0,304792232;0;1530;8160;0,257503803;950
POL-10088;0,403730071;1;1280;3590;0,347049468;2460
POL-10089;0,184128922;0;1320;8770;0,147938122;400
POL-10090;0,234473659;0;1500;7160;0,290598886;670
POL-10091;0,175068749;0;1660;7680;0,310128947;400
POL-10092;0,267331673;0;960;3200;0,064454262;140
POL-10093;0,238699744;1;1130;6400;0,324866479;5510
POL-10094;0,325795611;0;1610;9570;0,189860811;670
POL-10095;0,443487861;1;1750;6210;0,339272662;3990
POL-10096;0,385567137;1;1180;6760;0,211566748;5790
POL-10097;0,096152582;0;1320;4210;0,120543053;200
POL-10098;0,208984774;0;1340;3620;0,342400492;290
POL-10099;0,166196234;0;1310;6960;0,122991474;110
POL-10100;0,227214874;0;1310;5140;0,314743468;270
POL-10101;0,475920496;1;1590;5390;0,101938548;2900
POL-10102;0,115884791;1;800;6630;0,252430272;2490
POL-10103;0,171854072;0;1090;7870;0,173387483;300
POL-10104;0,240935809;0;1410;7550;0,341605452;550
POL-10105;0,196585454;0;1130;6700;0,105431789;90
POL-10106;0,154507401;0;1320;8270;0,172638402;140
POL-10107;0,302475388;0;1520;8590;0,241932897;620
POL-10108;0,262850399;0;1650;6240;0,343286127;980
POL-10109;0,17838549;0;1320;9840;0,141158923;140
POL-10110;0,071403369;0;1620;4330;0,169061315;520
POL-10111;0,368047935;0;1290;3430;0,188537596;880
POL-10112;0,165002399;0;1170;9270;0,125810147;620
POL-10113;0,646376948;1;860;5100;0,29520641;2520
POL-10114;0,503123085;1;1000;1160;0,077598682;4650
POL-10115;0,408646985;1;1250;5850;0,26143698;5850
POL-10116;0,378471939;1;1260;8960;0,210178691;3170
POL-10117;0,48081711;1;1310;5890;0,122578087;5510
POL-10118;0,450152771;1;1710;2950;0,197849142;3640
POL-10119;0,314854656;0;1440;5920;0,298984728;530
POL-10120;0,345830624;1;1450;6130;0,183632481;6490
POL-10121;0,538652168;1;1710;5830;0,086569329;3800
POL-10122;0,30617218;0;1160;5060;0,062240589;230
POL-10123;0,145588134;0;1120;5160;0,283338888;490
POL-10124;0,451885747;1;1560;7960;0,149129944;6890
POL-10125;0,359937425;1;1370;5340;0,329373409;3300
POL-10126;0,061906434;0;1240;6820;0,235144154;620
POL-10127;0,232854593;0;1230;6820;0,180885167;830
POL-10128;0,192082466;0;1210;5270;0,219339476;740
POL-10129;0,519909277;1;1220;5000;0,187139793;2650
POL-10130;0,220194374;0;1250;6640;0,321743325;430
POL-10131;0,137720236;0;1180;3200;0,187406561;590
POL-10132;0,471971286;1;1390;10490;0,081219353;5160
POL-10133;0,158846055;0;1440;5350;0,229126412;750
POL-10134;0,059689475;0;1110;5720;0,236894314;760
POL-10135;0,34081566;0;1480;7970;0,279599022;400
POL-10136;0,306648618;0;930;6160;0,329985242;510
POL-10137;0,278955507;0;1380;5660;0,182924505;150
POL-10138;0,328809786;0;1390;3830;0,155622982;860
POL-10139;0,40649019;1;1230;6700;0,197231305;3450
POL-10140;0,323459678;0;1260;5410;0,320059671;490
POL-10141;0,181342885;0;1190;10660;0,343994715;690
POL-10142;0,110344421;0;1120;6090;0,341370502;540
POL-10143;0,062611342;0;1250;1970;0,118908654;510
POL-10144;0,389373866;1;1110;8400;0,199068608;4290
POL-10145;0,220811992;0;1530;4500;0,127842208;210
POL-10146;0,170577461;0;720;6710;0,160394835;500
POL-10147;0,067636034;0;1220;9310;0,059505232;180
POL-10148;0,206369371;0;770;5880;0,098180354;280
POL-10149;0,358790123;1;980;6090;0,169122786;3650
POL-10150;0,316899985;0;1110;8370;0,15941139;250
POL-10151;0,136563708;0;1580;9350;0,133649765;730
POL-10152;0,217083743;0;1540;6230;0,119092873;110
POL-10153;0,136379243;0;1270;10550;0,274686714;840
POL-10154;0,06373493;0;1270;3020;0,13836491;290
POL-10155;0,578571628;1;1510;4690;0,261963089;4270
POL-10156;0,167375433;0;1530;5540;0,160587533;940
POL-10157;0,485750585;1;1110;8610;0,290593772;3500
POL-10158;0,223128881;0;1420;6960;0,100170005;690
POL-10159;0,373448847;0;1010;5150;0,097281164;150
POL-10160;0,386607569;0;1150;4250;0,25390168;630
POL-10161;0,291039293;0;1400;3510;0,324474573;400
POL-10162;0,358495757;0;1090;7530;0,092896011;760
POL-10163;0,368848525;0;1160;5720;0,072111385;560
POL-10164;0,433855848;0;840;8530;0,330391162;500
POL-10165;0,059324327;0;1360;3630;0,085198083;720
POL-10166;0,153738303;0;1030;7350;0,125110076;450
POL-10167;0,690927169;1;1040;6420;0,32884825;4430
POL-10168;0,049270968;0;1590;5270;0,290875368;700
POL-10169;0,18591584;0;1080;5420;0,152827344;90
POL-10170;0,271569503;0;1440;6710;0,336358316;400
POL-10171;0,321910526;1;1520;6440;0,220414554;4490
POL-10172;0,482094289;1;1480;4720;0,071674479;7200
POL-10173;0,319706276;0;1190;7530;0,260920063;510
POL-10174;0,491609938;0;1140;8910;0,211183207;510
POL-10175;0,184172971;0;1020;6010;0,221776415;610
POL-10176;0,02939225;0;810;7660;0,348231273;320
POL-10177;0,438324401;1;1440;6180;0,095754285;2840
POL-10178;0,220199178;0;1420;11320;0,24703877;80
POL-10179;0,127289802;0;1370;6530;0,187622329;210
POL-10180;0,562309943;1;540;7900;0,131567937;1170
POL-10181;0,135169257;0;1210;8830;0,258063437;250
POL-10182;0,189265253;0;1410;5220;0,250463842;650
POL-10183;0,278852212;0;1570;7910;0,306948532;230
POL-10184;0,258498869;0;1320;8220;0,313660771;140
POL-10185;0,171362418;0;1300;7360;0,218545836;890
POL-10186;0,390290413;1;1080;8030;0,14767177;4000
POL-10187;0,138840929;0;1340;5200;0,208874135;620
POL-10188;0,465921719;1;1190;10790;0,157776538;3580
POL-10189;0,615751976;1;1070;1700;0,133206825;3110
POL-10190;0,307379921;0;960;4820;0,215472613;380
POL-10191;0,311661094;0;1010;3820;0,247380252;170
POL-10192;0,134701264;0;1330;9950;0,227171386;560
POL-10193;0,723903184;1;900;6240;0,336325856;3380
POL-10194;0,119100278;0;1180;4610;0,139590836;800
POL-10195;0,285385789;0;1580;5290;0,161702506;930
POL-10196;0,51430969;0;890;3450;0,250292847;200
POL-10197;0,156489795;0;1360;7750;0,230107588;440
POL-10198;0,260557526;0;1390;7960;0,050559016;430
POL-10199;0,139813591;0;1180;7110;0,143685641;720
POL-10200;0,388093991;0;1410;5070;0,126128556;400
POL-10201;0,464164577;1;1200;9550;0,301974466;4610
POL-10202;0,128458048;0;1450;8060;0,309874619;270
POL-10203;0,055206396;0;980;3010;0,135167942;190
POL-10204;0,017279127;0;1720;6110;0,080621346;1150
POL-10205;0,159249869;0;1610;4190;0,111560584;1050
POL-10206;0,266744995;0;690;9440;0,10297052;170
POL-10207;0,529692034;1;1540;5600;0,121230608;4960
POL-10208;0,307101767;0;1110;3740;0,120393471;430
POL-10209;0,250480564;0;1610;6210;0,193951595;910
POL-10210;0,403558321;1;1500;9680;0,145892414;5090
POL-10211;0,369621493;0;980;8230;0,217946525;330
POL-10212;0,220780978;0;1390;5460;0,153240387;230
POL-10213;0,090741486;0;1070;6150;0,294403079;280
POL-10214;0,426298561;0;1380;8490;0,335237743;750
POL-10215;0,307657037;0;1260;9290;0,171175536;410
POL-10216;0,08686887;0;1070;3400;0,06484056;360
POL-10217;0,319882679;0;920;6810;0,121873474;520
POL-10218;0,172459455;0;1310;5790;0,080557449;720
POL-10219;0,523607747;0;1370;5520;0,153429173;240
POL-10220;0,14411306;0;1210;9180;0,24353427;390
POL-10221;0,436901641;0;1060;3790;0,205672373;640
POL-10222;0,562036616;1;1130;8110;0,122862703;2430
POL-10223;0,203880809;0;980;1940;0,280177716;470
POL-10224;0,26526007;0;1430;5050;0,089444219;360
POL-10225;0,342996453;1;710;6570;0,118458793;3260
POL-10226;0,308174515;0;1490;3880;0,252814145;230
POL-10227;0,078476409;0;1230;10910;0,109170316;380
POL-10228;0,204178429;0;1380;5070;0,253628815;390
POL-10229;0,467574802;0;1400;4900;0,343082405;890
POL-10230;0,224443882;0;1280;5110;0,299405986;520
POL-10231;0,56427426;1;1150;7670;0,098003162;2160
POL-10232;0,458363803;1;1530;8310;0,206149526;6800
POL-10233;0,228732352;0;820;5620;0,176696469;320
POL-10234;0,194162532;0;1580;7130;0,347500824;870
POL-10235;0,114048785;0;970;7290;0,339320211;540
POL-10236;0,118863898;0;1170;3620;0,088133616;330
POL-10237;0,224300326;0;1610;6260;0,322619262;170
POL-10238;0,174845593;0;1810;5240;0,108025501;1250
POL-10239;0,238101844;0;1300;3390;0,145835451;610
POL-10240;0,437943349;1;910;6930;0,156022394;1960
POL-10241;0,305082096;0;1460;8530;0,136046614;790
POL-10242;0,411015124;0;1240;6590;0,305973138;560
POL-10243;0,238411386;1;980;1360;0,148979722;4660
POL-10244;0,305558562;0;1300;5590;0,295021526;900
POL-10245;0,224311987;0;920;4710;0,348313045;480
POL-10246;0,228303504;0;1300;10060;0,302228461;780
POL-10247;0,601389323;1;1020;5820;0,153842878;4500
POL-10248;0,186101638;0;760;3270;0,263375718;480
POL-10249;0,332237653;0;830;6410;0,210177034;440
POL-10250;0,153590653;0;1100;7770;0,285955335;590
POL-10251;0,589594569;0;1380;6700;0,095929218;150
POL-10252;0,136011136;0;1560;4890;0,241440378;700
POL-10253;0,145292325;0;1610;5580;0,282100032;430
POL-10254;0,469632508;0;870;8030;0,278369401;420
POL-10255;0,347054888;0;1190;6700;0,339077902;500
POL-10256;0,224377818;0;1100;10550;0,067523414;130
POL-10257;0,380680807;0;1220;6700;0,153733811;480
POL-10258;0,25273847;0;1600;3440;0,192966075;550
POL-10259;0,191841792;0;1290;6100;0,142929059;720
POL-10260;0,217770879;0;1470;5370;0,142936854;550
POL-10261;0,546954183;1;1800;3400;0,102838582;5130
POL-10262;0,432027819;1;860;6760;0,293885421;3890
POL-10263;0,337528942;0;1130;5660;0,322420713;550
POL-10264;0,280122554;0;1390;6800;0,074698208;970
POL-10265;0,204692716;0;1320;10160;0,096469674;370
POL-10266;0,197828891;0;1510;6240;0,1185359;750
POL-10267;0,420098752;1;1150;8550;0,202696245;4750
POL-10268;0,094568431;0;1300;6120;0,28735161;740
POL-10269;0,068336911;0;1060;7330;0,071436657;590
POL-10270;0,373371151;0;1520;6740;0,241043896;790
POL-10271;0,181497459;0;1260;7030;0,094800637;160
POL-10272;0,468820351;1;1600;6240;0,34143712;7450
POL-10273;0,44183762;0;1600;9400;0,319632029;1060
POL-10274;0,273119565;1;930;7760;0,334874855;3540
POL-10275;0,441739233;1;1640;6730;0,081849163;5160
POL-10276;0,451499466;0;1480;8320;0,196410915;930
POL-10277;0,514302511;1;1210;6760;0,09957397;2410
POL-10278;0,198480423;0;1460;8730;0,230106665;640
POL-10279;0,056244959;0;1120;4140;0,119821734;500
POL-10280;0,013096916;0;1590;10760;0,281189295;750
POL-10281;0,442215345;0;1270;6840;0,24320078;540
POL-10282;0,256328823;0;1470;4220;0,221481378;460
POL-10283;0,120080372;0;1090;8000;0,297568147;440
POL-10284;0,290654868;0;1320;9090;0,200081909;810
POL-10285;0,248426499;0;1470;4450;0,130955522;900
POL-10286;0,273114963;0;1330;5560;0,236211649;730
POL-10287;0,231032745;0;1390;8530;0,33711879;440
POL-10288;0,397758385;0;1060;7630;0,230347809;590
POL-10289;0,122809951;0;1330;5620;0,238885835;400
POL-10290;0,244312466;0;1060;6000;0,330425204;510
POL-10291;0,169055031;0;1250;4000;0,20458253;520
POL-10292;0,363014352;0;1130;4520;0,348907239;280
POL-10293;0,159391579;0;1200;3150;0,097898613;410
POL-10294;0,098012461;0;810;5800;0,211111953;480
POL-10295;0,325874444;0;1260;7860;0,113870252;810
POL-10296;0,306510805;0;1220;5970;0,185997911;220
POL-10297;0,076712184;0;870;8730;0,101172173;300
POL-10298;0,472862084;0;1340;5210;0,116758631;440
POL-10299;0,315701101;0;1460;3520;0,113240015;540
POL-10300;0,206309642;0;1330;8810;0,146009402;910
POL-10301;0,038672939;0;1450;7230;0,09038151;560
POL-10302;0,416867006;0;1120;8950;0,292802652;660
POL-10303;0,305264082;0;1200;5830;0,116202679;580
POL-10304;0,360409464;0;1270;9680;0,174970699;150
POL-10305;0,319652372;0;1290;4350;0,054817141;650
POL-10306;0,060392032;1;660;5930;0,081464463;2070
POL-10307;0,217675619;0;1020;7320;0,31888157;550
POL-10308;0,423391043;1;1500;5560;0,301148061;6980
POL-10309;0,085753596;0;1050;6960;0,302276736;220
POL-10310;0,2411421;0;1190;9000;0,173406025;650
POL-10311;0,10682137;0;1240;7250;0,09245924;360
POL-10312;0,393997432;1;910;6140;0,082368356;3630
POL-10313;0,255722633;0;1650;8950;0,231680817;640
POL-10314;0,384081129;0;1240;7520;0,298457976;60
POL-10315;0,366145806;0;1040;6480;0,320034345;520
POL-10316;0,581643489;1;1410;6340;0,136619495;5650
POL-10317;0,562177561;0;1180;5760;0,146307971;300
POL-10318;0,08844444;0;1260;8190;0,080262997;80
POL-10319;0,34462353;0;1600;8260;0,282322937;290
POL-10320;0,609565472;1;1110;9030;0,132707081;3970
POL-10321;0,314130977;1;1540;7360;0,194278841;7190
POL-10322;0,647946361;1;1160;5410;0,328669191;2440
POL-10323;0,22650192;0;1270;7160;0,275664719;260
POL-10324;0,453226706;0;1330;5380;0,065821369;670
POL-10325;0,599621851;1;1160;6820;0,052446378;3180
POL-10326;0,136231862;0;1000;9320;0,286222378;450
POL-10327;0,23613795;0;1360;8860;0,215750071;750
POL-10328;0,604661457;1;1530;8310;0,266100323;5170
POL-10329;0,292048719;0;1410;6450;0,097044597;140
POL-10330;0,400422274;0;1400;8290;0,311614355;400
POL-10331;0,450771094;0;1140;5220;0,281997494;580
POL-10332;0,184801866;0;1420;3580;0,317251674;700
POL-10333;0,410192934;1;1340;7040;0,152328825;3190
POL-10334;0,34973435;0;1470;5750;0,132711559;680
POL-10335;0,175619197;0;1270;10070;0,095519432;400
POL-10336;0,205262227;0;1400;9760;0,329026552;800
POL-10337;0,608556002;1;1130;5120;0,103048761;4450
POL-10338;0,141658771;0;1420;7890;0,08579517;820
POL-10339;0,435939463;0;940;2550;0,107803463;270
POL-10340;0,308236533;0;1170;7180;0,281414518;180
POL-10341;0,455006399;1;1080;7130;0,31685877;4340
POL-10342;0,427549085;0;2130;4510;0,293274037;1470
POL-10343;0,278186168;0;1410;6830;0,218971566;640
POL-10344;0,185240552;0;980;4640;0,348165275;160
POL-10345;0,555317199;1;910;8200;0,070656219;4200
POL-10346;0,503182058;0;810;6870;0,310157503;240
POL-10347;0,32184672;1;970;9490;0,178314159;2870
POL-10348;0,294037502;0;1040;3440;0,186536705;130
POL-10349;0,125449385;0;1010;4760;0,088278468;550
POL-10350;0,444401251;0;1130;5530;0,060029892;630
POL-10351;0,575768815;1;1460;7480;0,144988498;6680
POL-10352;0,123810866;0;1200;7040;0,10245606;110
POL-10353;0,141742475;0;1430;7350;0,195001627;900
POL-10354;0,187275199;0;980;5200;0,094199158;250
POL-10355;0,191267286;0;1150;2690;0,091378321;300
POL-10356;0,275008619;0;1020;4980;0,313093695;140
POL-10357;0,259473265;0;1360;9320;0,32638841;940
POL-10358;0,116017338;0;1200;5260;0,339264863;830
POL-10359;0,5878549;1;1690;6850;0,254150733;4200
POL-10360;0,141844276;0;1080;6620;0,281304951;120
POL-10361;0,267094092;0;990;6870;0,300735427;590
POL-10362;0,169349402;1;1320;3830;0,247676618;4670
POL-10363;0,5051296;0;1210;8140;0,149072931;160
POL-10364;0,215226301;0;1380;6300;0,0969161;300
POL-10365;0,302679284;0;1230;11120;0,121181992;610
POL-10366;0,604336895;1;1210;5750;0,302124215;4820
POL-10367;0,226442825;0;1080;8450;0,258829171;650
POL-10368;0,330010235;0;1180;5720;0,186738729;480
POL-10369;0,155267636;0;870;10340;0,058821523;350
POL-10370;0,264038354;0;1550;7960;0,129861311;770
POL-10371;0,387055571;0;1570;3930;0,268669248;870
POL-10372;0,121958158;0;1480;9310;0,203716171;240
POL-10373;0,230734368;1;1140;8050;0,180659748;3210
POL-10374;0,337432845;0;1090;5570;0,14410382;300
POL-10375;0,072410463;0;1370;3270;0,232079549;410
POL-10376;0,378220735;0;1010;8900;0,339915616;100
POL-10377;0,3194344;0;1530;9960;0,320337093;660
POL-10378;0,19725972;0;650;8740;0,059149381;70
POL-10379;0,287172101;0;1140;8240;0,194286147;730
POL-10380;0,600822192;0;980;7620;0,148840789;440
POL-10381;0,097122606;0;1560;8620;0,203181399;1080
POL-10382;0,275007354;0;1520;5980;0,231864107;320
POL-10383;0,504593399;0;1390;2870;0,11000842;680
POL-10384;0,15951836;0;1730;8020;0,284470421;1170
POL-10385;0,214443466;0;1250;7290;0,192520415;310
POL-10386;0,463157328;1;1410;3690;0,347601816;5700
POL-10387;0,278102407;0;850;2110;0,057538216;390
POL-10388;0,185040538;0;1170;6660;0,106915753;340
POL-10389;0,114555559;0;1280;6190;0,25688894;290
POL-10390;0,422895056;0;1020;6020;0,258553924;710
POL-10391;0,644067963;0;1310;7660;0,224656467;710
POL-10392;0,308325527;0;760;5010;0,341588009;280
POL-10393;0,410577425;0;1380;7870;0,174594503;110
POL-10394;0,196054206;0;1140;7890;0,175111044;200
POL-10395;0,138874774;0;1050;1180;0,323142909;260
POL-10396;0,098526761;0;1440;6360;0,211532535;530
POL-10397;0,367261131;0;1620;6900;0,156118298;600
POL-10398;0,507379335;1;1470;8000;0,265681396;4170
POL-10399;0,236461969;0;1050;7600;0,235901185;700
POL-10400;0,40563614;0;1420;3000;0,141923015;570
POL-10401;0,264909771;0;1190;6690;0,139378639;70
POL-10402;0,380811794;1;1530;5980;0,168683839;3840
POL-10403;0,225331747;0;1310;8650;0,07148602;130
POL-10404;0,045153695;0;880;4100;0,332785071;460
POL-10405;0,164366033;0;1190;6490;0,104906012;600
POL-10406;0,1914307;1;1040;8240;0,108147291;2250
POL-10407;0,261646114;0;1060;8020;0,244111522;290
POL-10408;0,356393722;0;1170;6190;0,267274114;170
POL-10409;0,080739367;0;1320;8860;0,271050638;140
POL-10410;0,108457475;0;1480;5040;0,162522507;140
POL-10411;0,245526647;0;1120;7960;0,311998686;650
POL-10412;0,545397246;1;1550;8300;0,213199719;7020
POL-10413;0,335541139;0;820;3760;0,181576266;560
POL-10414;0,111932575;0;1040;9110;0,293115938;260
POL-10415;0,07861862;0;1760;3200;0,123068375;1010
POL-10416;0,22324956;0;960;7250;0,308055633;110
POL-10417;0,239344893;0;1560;5560;0,211648818;990
POL-10418;0,469165084;1;1240;8520;0,320017447;4940
POL-10419;0,109301013;0;1230;7160;0,110483759;690
POL-10420;0,350841738;0;1480;10080;0,330818923;370
POL-10421;0,114733277;0;1450;8770;0,256363023;240
POL-10422;0,520956084;1;1580;6760;0,235498558;6950
POL-10423;0,462919117;0;1190;8910;0,176620256;750
POL-10424;0,445808431;1;1290;6290;0,3368945;3340
POL-10425;0,450745647;0;1190;4320;0,183175888;300
POL-10426;0,207768702;0;970;5590;0,199562886;270
POL-10427;0,55308464;1;1290;6270;0,284449433;5760
POL-10428;0,241405785;0;1210;280;0,135452729;710
POL-10429;0,352199145;1;780;9270;0,137448594;3810
POL-10430;0,562333555;1;1530;6310;0,282589306;4870
POL-10431;0,066028107;0;1290;8430;0,088573937;570
POL-10432;0,478010363;1;1070;6820;0,296889356;4860
POL-10433;0,361955742;0;1330;3420;0,237552502;790
POL-10434;0,401619076;0;1120;6660;0,21172513;540
POL-10435;0,144769089;0;1300;6260;0,118732815;320
POL-10436;0,148536183;0;1600;5130;0,285910451;440
POL-10437;0,267312282;0;1350;5720;0,291485927;220
POL-10438;0,266505895;0;1130;6550;0,19488256;400
POL-10439;0,20168444;0;990;1590;0,166750692;120
POL-10440;0,519134858;1;1070;7220;0,123848551;3890
POL-10441;0,012576969;0;1450;7710;0,276270205;230
POL-10442;0,230059532;0;1240;7500;0,241835577;760
POL-10443;0,089162477;0;1390;5940;0,111989309;700
POL-10444;0,543718323;1;1180;10430;0,288340424;4550
POL-10445;0,338064168;0;1020;7520;0,314661594;110
POL-10446;0,220993777;0;1400;5660;0,067774179;800
POL-10447;0,12232167;0;1050;4020;0,281726191;650
POL-10448;0,327157746;0;1150;3770;0,30584058;90
POL-10449;0,099974827;0;940;7300;0,34745237;660
POL-10450;0,33759204;1;1020;7940;0,12128045;4380
POL-10451;0,582854473;1;1470;6750;0,161300962;6570
POL-10452;0,549032609;1;1510;6390;0,339857328;5850
POL-10453;0,144400215;0;1520;5820;0,078204665;80
POL-10454;0,539788685;1;1520;7490;0,207112353;4350
POL-10455;0,049103914;0;1160;4950;0,202023374;260
POL-10456;0,226929867;0;1420;6460;0,231964322;550
POL-10457;0,150711624;0;1510;6690;0,149237784;690
POL-10458;0,039774267;0;1030;7650;0,327775427;580
POL-10459;0,419958678;0;1300;4860;0,131018378;280
POL-10460;0,470320932;1;1220;4490;0,244908655;2350
POL-10461;0,459322562;1;780;6600;0,198778107;2050
POL-10462;0,292869742;0;1330;6910;0,130002036;680
POL-10463;0,325320811;0;1070;6490;0,106656139;690
POL-10464;0,60829974;1;1510;1070;0,336968637;6900
POL-10465;0,227995918;0;1060;7170;0,218387438;130
POL-10466;0,32858339;1;1330;11640;0,231257274;6190
POL-10467;0,18890884;0;1280;8340;0,284868638;100
POL-10468;0,475949165;0;820;2590;0,074367998;140
POL-10469;0,461952468;1;1170;5690;0,26412928;3010
POL-10470;0,335521967;0;1340;6110;0,099542041;490
POL-10471;0,291330526;0;1510;5860;0,272144326;320
POL-10472;0,301036081;0;1250;4020;0,092398601;450
POL-10473;0,327190669;0;1480;4710;0,29974811;580
POL-10474;0,067640993;0;1380;8370;0,254304878;720
POL-10475;0,332803965;1;1390;7990;0,165767087;4680
POL-10476;0,568940384;1;1400;6280;0,157650333;6150
POL-10477;0,168736823;0;1180;8400;0,094684119;330
POL-10478;0,323478508;0;1000;5190;0,321216007;220
POL-10479;0,259514236;1;1640;5810;0,085558782;7870
POL-10480;0,210734108;0;1440;5770;0,191623217;950
POL-10481;0,445438932;1;1230;3400;0,120955536;3950
POL-10482;0,192525178;0;1400;5990;0,348898252;260
POL-10483;0,421573023;1;1350;9780;0,225753215;5960
POL-10484;0,314755606;0;1040;9560;0,094875351;550
POL-10485;0,089175148;0;1170;6730;0,250269199;160
POL-10486;0,181397497;0;1580;6060;0,347482705;810
POL-10487;0,288852076;0;1250;10040;0,231512984;300
POL-10488;0,191220464;0;1340;6010;0,187213728;500
POL-10489;0,254632026;0;1560;5460;0,137981036;380
POL-10490;0,262609158;0;1250;8410;0,077637024;130
POL-10491;0,186857702;0;1020;3080;0,11847389;560
POL-10492;0,123565683;0;1280;6280;0,216086234;750
POL-10493;0,359090267;0;1110;6370;0,27613571;220
POL-10494;0,007247913;0;900;7530;0,313379267;190
POL-10495;0,225412292;0;1450;5320;0,288113675;480
POL-10496;0,368258403;0;1190;6160;0,08763956;690
POL-10497;0,470053757;1;500;6690;0,282037966;1670
POL-10498;0,233407959;0;1310;5990;0,224481364;750
POL-10499;0,604550624;1;1320;6130;0,190732267;2870
POL-10500;0,111618256;0;1740;8170;0,221829236;720
POL-10501;0,291800636;1;1250;7660;0,052422599;5850
POL-10502;0,24367885;0;1520;7540;0,070319073;340
POL-10503;0,091172901;0;1410;3210;0,207754784;170
POL-10504;0,342382612;0;1100;7360;0,102085775;240
POL-10505;0,261358364;0;1340;4820;0,213662286;770
POL-10506;0,105454217;0;1210;10480;0,156264072;100
POL-10507;0,33941959;0;1080;6480;0,322223606;250
POL-10508;0,066744047;0;1120;6110;0,334905028;430
POL-10509;0,394844786;0;1090;9540;0,343935234;670
POL-10510;0,170159734;0;1250;8920;0,319681399;270
POL-10511;0,691209339;1;1250;6030;0,345767255;3560
POL-10512;0,170165043;0;1110;4150;0,261844138;480
POL-10513;0,259658072;0;1200;2970;0,338162684;590
POL-10514;0,340859249;0;780;4410;0,24253774;480
POL-10515;0,193614591;0;1000;7140;0,292764262;70
POL-10516;0,442118957;0;1180;6200;0,089572998;470
POL-10517;0,291814634;0;1670;4630;0,254779876;890
POL-10518;0,043161633;0;1410;5720;0,329330993;880
POL-10519;0,085262852;0;1010;9930;0,212014472;140
POL-10520;0,473765835;0;1650;8740;0,106045914;450
POL-10521;0,273953304;0;1250;10010;0,208066568;130
POL-10522;0,237395207;0;970;5120;0,262082298;570
POL-10523;0,267078882;0;1230;8110;0,28093655;750
POL-10524;0,103487971;0;1500;7910;0,207110603;550
POL-10525;0,227951132;0;970;9440;0,115210407;60
POL-10526;0,262733331;0;990;6520;0,328006637;120
POL-10527;0,689114041;1;1700;4930;0,282085225;5150
POL-10528;0,25056494;0;1320;4700;0,13120652;910
POL-10529;0,244649693;0;1130;6470;0,293543875;670
POL-10530;0,276738415;0;1220;6650;0,154358795;690
POL-10531;0,272205121;0;1320;7050;0,143729403;420
POL-10532;0,229948457;0;1200;3710;0,308922988;830
POL-10533;0,425705321;1;1590;9090;0,311970562;3560
POL-10534;0,222711187;0;1270;3790;0,169544421;340
POL-10535;0,47736893;0;1420;9080;0,052676842;760
POL-10536;0,231012987;0;1270;5850;0,105969686;420
POL-10537;0,431443536;1;1240;10190;0,322788898;2990
POL-10538;0,38687976;1;1470;3010;0,319624801;3470
POL-10539;0,208678135;0;1480;8850;0,186003424;310
POL-10540;0,090024998;0;840;4440;0,141235012;480
POL-10541;0,603856917;1;1250;4300;0,140824488;3030
POL-10542;0,226523325;0;1760;9810;0,319158441;1170
POL-10543;0,304297061;0;1140;8010;0,147419993;160
POL-10544;0,164625861;0;1360;3540;0,203474078;700
POL-10545;0,182397236;0;1560;6900;0,269303315;120
POL-10546;0,476649105;1;970;9310;0,112844312;3820
POL-10547;0,526408639;1;1160;7620;0,126151724;4700
POL-10548;0,360920312;0;860;6560;0,157418568;280
POL-10549;0,25095533;0;1280;8800;0,246267017;870
POL-10550;0,383531673;0;1350;7240;0,295247195;130
POL-10551;0,195911719;0;1410;3180;0,214011729;230
POL-10552;0,297615081;0;1640;6690;0,089878621;300
POL-10553;0,132373503;0;1270;7470;0,183873657;410
POL-10554;0,12631168;0;960;6950;0,088307217;90
POL-10555;0,354766523;0;1030;5690;0,076489151;700
POL-10556;0,32198071;0;1060;7420;0,226885031;440
POL-10557;0,310809261;0;1300;6870;0,336863634;750
POL-10558;0,226613526;0;1840;2520;0,30128355;1020
POL-10559;0,311661323;1;1230;3850;0,282341379;3980
POL-10560;0,172173591;0;1590;7120;0,26811679;1010
POL-10561;0,041466975;0;1220;7990;0,319138357;780
POL-10562;0,276197413;0;960;4940;0,275850525;130
POL-10563;0,09425356;0;1050;7970;0,238063204;670
POL-10564;0,411844534;0;1070;7500;0,159404024;420
POL-10565;0,515700979;0;1220;6120;0,080283167;270
POL-10566;0,634228327;1;1350;7350;0,188310009;4790
POL-10567;0,271702173;0;1090;7310;0,327435271;250
POL-10568;0,161155556;0;1450;8250;0,22493008;520
POL-10569;0,301961653;1;1510;8350;0,105351254;5070
POL-10570;0,247476166;0;1180;4420;0,244706993;80
POL-10571;0,27736722;0;1480;5030;0,18963867;250
POL-10572;0,472224996;0;760;9450;0,329414027;510
POL-10573;0,219039514;0;660;8270;0,098281973;220
POL-10574;0,251304041;0;1460;7780;0,263603525;360
POL-10575;0,134498914;0;1140;8090;0,254480739;740
POL-10576;0,257537519;0;1800;8780;0,345062474;1160
POL-10577;0,575831154;1;1230;6770;0,219473638;3680
POL-10578;0,174788988;0;1000;5740;0,311472211;290
POL-10579;0,440439399;1;1670;7620;0,057414181;6430
POL-10580;0,239968723;0;1410;6450;0,08686759;240
POL-10581;0,445750486;0;1640;9600;0,153781572;700
POL-10582;0,418145732;0;1100;9570;0,235798219;280
POL-10583;0,124778725;0;1340;8280;0,184723803;710
POL-10584;0,413569687;0;1030;3950;0,110808874;160
POL-10585;0,085522161;0;810;4310;0,226761122;350
POL-10586;0,102384953;0;1440;3870;0,220009718;70
POL-10587;0,228505089;0;1140;6870;0,207334244;240
POL-10588;0,546661416;1;1000;8350;0,077166834;4190
POL-10589;0,351085032;1;900;5880;0,328107648;3670
POL-10590;0,139410576;0;1300;5210;0,227676591;790
POL-10591;0,053699515;0;1270;6710;0,129197524;820
POL-10592;0,380698736;0;1130;4930;0,256225457;610
POL-10593;0,279422404;0;1080;7030;0,145372397;470
POL-10594;0,306691181;0;1440;6010;0,201756808;290
POL-10595;0,343033084;0;630;5190;0,152339531;140
POL-10596;0,476114544;0;1410;6730;0,314118208;350
POL-10597;0,255470426;0;1370;8280;0,348194175;760
POL-10598;0,501200602;1;940;3460;0,09835462;3650
POL-10599;0,154006663;1;770;6840;0,057073685;3120
POL-10600;0,06323234;0;1400;2300;0,115796752;790
POL-10601;0,448345459;1;960;5990;0,226985595;4310
POL-10602;0,109975863;0;1640;7890;0,102185342;570
POL-10603;0,299803103;0;1780;8540;0,293445327;770
POL-10604;0,53630773;1;1360;5450;0,172601173;5040
POL-10605;0,06705427;0;1220;5430;0,233159822;540
POL-10606;0,337342578;0;1200;6040;0,186685352;820
POL-10607;0,061637516;0;820;4300;0,320998376;60
POL-10608;0,266910592;0;1180;6830;0,060540601;280
POL-10609;0,014681933;0;1140;4490;0,268790569;270
POL-10610;0,092912901;0;1090;7610;0,24565164;750
POL-10611;0,16208459;0;1350;5070;0,244854509;180
POL-10612;0,055587719;0;1280;5860;0,174196818;740
POL-10613;0,362873142;0;1450;7500;0,054702569;330
POL-10614;0,326185553;0;1140;7770;0,256772217;690
POL-10615;0,55167686;1;1400;7680;0,298841364;2630
POL-10616;0,109918656;0;1250;7030;0,075569093;260
POL-10617;0,21718481;1;1400;4330;0,182485251;3890
POL-10618;0,078220979;0;1230;6440;0,098778456;730
POL-10619;0,176768806;0;1690;6150;0,233281336;600
POL-10620;0,595437973;1;640;5660;0,285681463;1180
POL-10621;0,397172687;0;1410;6650;0,250011969;240
POL-10622;0,105567206;0;1460;4780;0,145418021;960
POL-10623;0,031185911;0;930;6430;0,091919811;100
POL-10624;0,027957962;0;1710;5900;0,288280444;330
POL-10625;0,367976594;0;1260;5590;0,147175058;300
POL-10626;0,159129571;0;1220;4270;0,05664195;180
POL-10627;0,738086964;1;1340;4210;0,221426364;4370
POL-10628;0,243699177;0;1470;9180;0,124003193;510
POL-10629;0,170977741;0;1280;6730;0,3023618;500
POL-10630;0,080723982;0;1280;10120;0,092976561;100
POL-10631;0,4477792;1;1460;10220;0,180440255;5340
POL-10632;0,197351655;0;1490;8960;0,125939061;860
POL-10633;0,26147297;0;1330;3940;0,256880486;770
POL-10634;0,279190482;0;860;9320;0,214559273;230
POL-10635;0,249246423;0;1000;6250;0,287296316;350
POL-10636;0,388800453;0;1520;5940;0,187583773;260
POL-10637;0,089830978;0;1180;5660;0,051442529;690
POL-10638;0,239353704;0;1100;5800;0,114558944;740
POL-10639;0,20045205;0;1360;7300;0,349747132;330
POL-10640;0,400996944;0;1330;11100;0,171603497;740
POL-10641;0,467435515;0;1200;3220;0,236070532;330
POL-10642;0,127915792;0;1440;10390;0,321479482;70
POL-10643;0,403734942;0;930;9520;0,056157255;410
POL-10644;0,089486558;0;820;6140;0,247882219;260
POL-10645;0,247815664;1;1630;5500;0,136513092;6610
POL-10646;0,264492035;0;970;3810;0,133774477;520
POL-10647;0,454993225;1;880;4680;0,117455421;2890
POL-10648;0,389507934;1;1170;5290;0,296818765;5620
POL-10649;0,097181773;0;1240;6290;0,16188432;450
POL-10650;0,382898605;0;1130;6440;0,070134961;350
POL-10651;0,297838428;0;1190;8020;0,079055347;290
POL-10652;0,590397909;1;890;7800;0,094584309;2610
POL-10653;0,176098332;0;1430;6980;0,319678276;840
POL-10654;0,214413495;0;870;6410;0,178233028;130
POL-10655;0,620468234;1;1260;8790;0,324814802;4770
POL-10656;0,487233145;0;1310;8180;0,295243842;650
POL-10657;0,096206925;0;1410;7390;0,301364786;790
POL-10658;0,249655803;0;1310;5690;0,136049543;920
POL-10659;0,341237799;0;980;8710;0,131394324;370
POL-10660;0,400915056;0;1150;8170;0,218020514;110
POL-10661;0,117935908;0;1070;6010;0,175377489;600
POL-10662;0,557275411;1;860;2670;0,202718206;2540
POL-10663;0,062942788;0;1360;6690;0,065961261;210
POL-10664;0,122952207;0;1060;5120;0,341477057;70
POL-10665;0,530296976;1;1290;7930;0,067450642;6270
POL-10666;0,270999396;0;1220;6930;0,103649389;320
POL-10667;0,277089028;0;970;3150;0,253460157;630
POL-10668;0,301184192;0;950;7090;0,096650466;50
POL-10669;0,140149402;1;1170;9930;0,082060978;3730
POL-10670;0,073733785;0;920;6190;0,096086114;560
POL-10671;0,329156511;0;1500;6480;0,068576073;870
POL-10672;0,359768585;1;1590;5810;0,125395622;5960
POL-10673;0,309777473;0;1450;6640;0,131335781;710
POL-10674;0,180350414;0;1340;9580;0,199586626;900
POL-10675;0,110493258;0;1270;8610;0,181616755;160
POL-10676;0,226852619;0;990;5350;0,192114025;70
POL-10677;0,63890597;1;1460;6350;0,234811851;4800
POL-10678;0,243139154;0;1590;6480;0,119288429;750
POL-10679;0,215968046;0;1170;7320;0,090411239;550
POL-10680;0,248557174;0;1240;7360;0,313663484;840
POL-10681;0,23747046;0;1050;6310;0,240182402;580
POL-10682;0,531928449;1;1170;4010;0,068198988;4290
POL-10683;0,390438924;0;940;6270;0,338315495;310
POL-10684;0,169737589;0;1180;5780;0,257920551;170
POL-10685;0,204026175;0;1360;4710;0,095511393;340
POL-10686;0,254926327;0;1330;8080;0,34074033;450
POL-10687;0,289060827;0;1310;6540;0,159622203;290
POL-10688;0,14078969;0;640;4430;0,345353024;410
POL-10689;0,188468635;0;1260;10460;0,080982689;70
POL-10690;0,565199201;1;1400;7330;0,097990765;4420
POL-10691;0,544138413;1;1250;8080;0,247225865;2770
POL-10692;0,207495813;0;1530;8600;0,05664304;800
POL-10693;0,193794731;0;1230;5630;0,055606892;580
POL-10694;0,391736598;1;1350;7590;0,28759485;4280
POL-10695;0,054904284;0;1000;2640;0,1003341;650
POL-10696;0,513200035;0;1400;8420;0,325636998;370
POL-10697;0,168013849;0;1450;6360;0,177768849;780
POL-10698;0,349845138;1;1070;7550;0,312095706;3970
POL-10699;0,064708992;0;890;6360;0,175329075;120
POL-10700;0,399209851;0;1140;10140;0,209069001;760
POL-10701;0,360207485;0;1000;8950;0,144954249;550
POL-10702;0,336815816;1;1400;1280;0,247422925;6770
POL-10703;0,125667516;0;1130;7610;0,14546035;330
POL-10704;0,186745643;0;1430;5940;0,116951029;910
POL-10705;0,309054296;0;860;7680;0,074314194;70
POL-10706;0,161104717;0;1040;7660;0,067300804;340
POL-10707;0,156019394;0;1060;5010;0,141792306;570
POL-10708;0,489172084;1;1320;6270;0,270942004;4340
POL-10709;0,040595216;0;730;4460;0,11168602;130
POL-10710;0,501310017;0;1180;9470;0,139768235;100
POL-10711;0,125480124;0;1160;7150;0,321551426;660
POL-10712;0,378326247;1;1340;7360;0,241747249;5540
POL-10713;0,322212904;0;1260;7110;0,325916717;180
POL-10714;0,121362254;0;1010;4380;0,32336781;110
POL-10715;0,16476672;1;690;7770;0,069023205;3070
POL-10716;0,421069023;0;1060;10070;0,336502797;450
POL-10717;0,223065643;0;930;3390;0,065353388;560
POL-10718;0,747541681;1;950;6660;0,327685675;4120
POL-10719;0,176532631;0;1070;8020;0,214020031;660
POL-10720;0,169399876;0;1450;5000;0,209956875;910
POL-10721;0,101236763;0;930;7960;0,263979219;320
POL-10722;0,155219768;0;790;6590;0,313763381;80
POL-10723;0,251671988;1;1110;5070;0,235101367;5320
POL-10724;0,698843896;1;1180;1480;0,177619956;3190
POL-10725;0,162876195;0;1160;6300;0,083566803;500
POL-10726;0,035861075;0;1090;6350;0,286762792;400
POL-10727;0,186892616;0;1190;9130;0,088488048;710
POL-10728;0,280219759;0;1300;7180;0,267909758;490
POL-10729;0,503985339;1;1030;5440;0,208377484;4410
POL-10730;0,290535699;0;1500;3360;0,165750777;930
POL-10731;0,213703254;0;1200;8250;0,233895916;810
POL-10732;0,174204041;0;1490;6730;0,281706826;610
POL-10733;0,399196007;0;1320;5710;0,332341886;460
POL-10734;0,26593195;0;930;5420;0,129409065;550
POL-10735;0,402040134;0;760;8990;0,334139048;450
POL-10736;0,105404359;0;1520;9280;0,338284414;390
POL-10737;0,189622079;0;1020;5250;0,294089154;430
POL-10738;0,354832818;1;1230;1900;0,314431152;3920
POL-10739;0,078517431;0;1100;6070;0,257728254;510
POL-10740;0,12350489;0;1590;6950;0,061729166;940
POL-10741;0,241377845;0;1230;6640;0,222523563;210
POL-10742;0,46885431;1;900;3350;0,274161369;2470
POL-10743;0,549167181;1;1180;9570;0,33251094;2170
POL-10744;0,132086657;0;1530;2780;0,221135554;920
POL-10745;0,298936314;0;1030;5000;0,288260203;540
POL-10746;0,514680503;1;860;4460;0,261511615;2970
POL-10747;0,400897137;0;1430;4350;0,134240867;300
POL-10748;0,284225595;0;1010;2130;0,096418423;510
POL-10749;0,31754411;0;830;6620;0,275271599;300
POL-10750;0,13848347;0;1010;9330;0,120130508;440
POL-10751;0,200971236;0;1310;6170;0,123407466;620
POL-10752;0,241889643;0;1350;4480;0,243183872;560
POL-10753;0,229561194;0;1340;9320;0,286720539;600
POL-10754;0,215686076;0;980;8180;0,224699628;610
POL-10755;0,12310958;0;1460;4810;0,315494946;900
POL-10756;0,516062486;0;1420;7140;0,113432981;210
POL-10757;0,262313925;0;1360;8660;0,125724329;590
POL-10758;0,230994269;0;970;4690;0,241086651;330
POL-10759;0,095951286;0;1090;6740;0,298810455;260
POL-10760;0,340353357;0;1320;5720;0,211805541;610
POL-10761;0,1569467;0;1390;4110;0,053114472;530
POL-10762;0,162002577;0;990;6830;0,253082939;550
POL-10763;0,194599353;0;1680;7360;0,29407473;190
POL-10764;0,388903336;0;1210;6590;0,132963088;300
POL-10765;0,324007269;0;1480;4870;0,066259469;100
POL-10766;0,056960687;0;930;10700;0,205385593;500
POL-10767;0,506844327;1;1290;5520;0,062646566;5550
POL-10768;0,304392505;0;930;7620;0,174805023;400
POL-10769;0,297245225;0;1280;8110;0,055345353;580
POL-10770;0,13670561;0;1360;1520;0,117490017;110
POL-10771;0,449140117;0;1370;8160;0,166646736;520
POL-10772;0,251814796;0;1060;6520;0,083511767;420
POL-10773;0,169513926;0;790;5970;0,084246771;60
POL-10774;0,080146493;0;1320;6250;0,298118522;740
POL-10775;0,232537052;0;1140;7670;0,06242716;260
POL-10776;0,484162537;1;1140;1930;0,256689875;4380
POL-10777;0,169325763;0;1010;6560;0,294344615;320
POL-10778;0,074778927;0;1230;7360;0,089216706;860
POL-10779;0,185242323;0;1240;10820;0,10861122;230
POL-10780;0,167963514;0;1510;3800;0,24244799;130
POL-10781;0,276335495;0;740;7390;0,144693984;510
POL-10782;0,130978552;0;910;5530;0,192926921;190
POL-10783;0,154250026;0;1360;7470;0,300800812;630
POL-10784;0,089935384;0;690;8230;0,091394951;200
POL-10785;0,346559043;1;1060;5030;0,235895757;4240
POL-10786;0,164990254;0;1840;10410;0,332719317;800
POL-10787;0,145438184;0;1170;9140;0,067239989;600
POL-10788;0,451163889;0;1420;8080;0,068002029;90
POL-10789;0,52920635;1;820;5790;0,216422712;2290
POL-10790;0,377177197;1;1420;5390;0,338022739;5060
POL-10791;0,497715309;0;1150;7380;0,116142093;450
POL-10792;0,423184567;1;1310;5710;0,149237591;5300
POL-10793;0,217336475;1;1380;5450;0,079594392;4020
POL-10794;0,105497435;0;1110;10330;0,158674169;630
POL-10795;0,177115816;0;1360;7600;0,063299744;340
POL-10796;0,156010423;0;960;8150;0,166728199;540
POL-10797;0,358302727;0;1260;10250;0,216646332;420
POL-10798;0,23821172;1;1370;6670;0,342501448;6260
POL-10799;0,044437637;0;1110;5240;0,295516394;80
POL-10800;0,177434156;0;1000;4360;0,296619623;280
POL-10801;0,081050346;0;1130;9210;0,118443297;370
POL-10802;0,23325973;0;1520;5750;0,076170411;810
POL-10803;0,456302973;0;1480;590;0,230922411;250
POL-10804;0,110995123;0;1430;1180;0,206341459;340
POL-10805;0,524107383;1;1630;3550;0,204951163;5230
POL-10806;0,249448534;1;1250;5750;0,082702396;5780
POL-10807;0,35765967;0;1290;6050;0,198165468;230
POL-10808;0,1411242;0;750;7550;0,095106722;400
POL-10809;0,256219356;0;1020;4230;0,176634378;630
POL-10810;0,52397915;0;1380;6940;0,06864879;720
POL-10811;0,481949806;0;1470;8270;0,30706778;580
POL-10812;0,263964432;0;930;6210;0,053954026;110
POL-10813;0,223514159;0;1230;5570;0,331796942;720
POL-10814;0,276427047;0;1790;4770;0,308867547;230
POL-10815;0,321129255;0;1230;8790;0,275782422;370
POL-10816;0,557406886;1;1610;3760;0,344765175;3690
POL-10817;0,162189086;0;1340;9650;0,066145999;690
POL-10818;0,154807479;0;1390;6450;0,242479132;520
POL-10819;0,209603923;0;1020;4420;0,304790627;650
POL-10820;0,106866537;0;850;8180;0,087985129;120
POL-10821;0,364419214;0;1430;7520;0,225432494;830
POL-10822;0,069854215;0;1330;7330;0,168176573;510
POL-10823;0,575252438;1;1270;7910;0,180748134;5930
POL-10824;0,281651559;1;920;6820;0,323757226;3140
POL-10825;0,379441154;0;1160;7420;0,211595435;650
POL-10826;0,045659631;0;1100;9220;0,077978613;370
POL-10827;0,390739216;0;1120;6910;0,331164852;230
POL-10828;0,325902941;1;1310;8140;0,105563351;5740
POL-10829;0,34508415;0;1430;2100;0,317791045;360
POL-10830;0,237013674;0;1320;7150;0,341276216;920
POL-10831;0,424351866;0;1300;11550;0,313351239;710
POL-10832;0,128812001;0;1280;2930;0,253140133;640
POL-10833;0,329911469;0;1210;10500;0,273065546;70
POL-10834;0,066755531;0;1040;7940;0,259960173;360
POL-10835;0,105710783;0;1260;3110;0,188157316;470
POL-10836;0,535799562;1;1440;6580;0,132325916;6670
POL-10837;0,159571344;0;1220;7300;0,135500819;180
POL-10838;0,122879899;0;1020;8320;0,269350358;290
POL-10839;0,309956448;0;950;5630;0,237810934;90
POL-10840;0,500674124;0;1010;7890;0,22546521;240
POL-10841;0,192533381;0;960;9270;0,245782651;100
POL-10842;0,679813977;1;1970;8270;0,282435871;6310
POL-10843;0,165806924;0;1030;8890;0,274502274;500
POL-10844;0,445325732;0;1240;5610;0,081618922;820
POL-10845;0,287103467;0;1230;7870;0,158910515;370
POL-10846;0,205152102;0;1600;11100;0,129190141;900
POL-10847;0,3569483;0;1360;4340;0,211471599;590
POL-10848;0,087205316;0;1360;7340;0,068424825;640
POL-10849;0,237911573;0;1290;4270;0,278739214;520
POL-10850;0,212590637;0;1320;9010;0,0819582;730
POL-10851;0,338047471;0;1330;2550;0,131420608;100
POL-10852;0,290527561;0;1090;5360;0,284822452;110
POL-10853;0,347918133;0;1020;11110;0,065467995;110
POL-10854;0,422199608;0;1260;5510;0,248060321;300
POL-10855;0,242496423;0;1120;6380;0,327343482;490
POL-10856;0,302476337;0;1300;8990;0,235291345;610
POL-10857;0,568554625;1;980;6220;0,263797246;2200
POL-10858;0,293932401;0;880;2440;0,287680062;200
POL-10859;0,237180695;0;930;4360;0,116673897;440
POL-10860;0,434848314;0;1230;9140;0,224289175;160
POL-10861;0,247664753;0;850;9440;0,142717015;50
POL-10862;0,591525292;1;1740;2490;0,124848614;7540
POL-10863;0,494142738;0;1740;4600;0,107736925;900
POL-10864;0,192750922;0;1470;5160;0,225629185;670
POL-10865;0,215708581;0;1160;5740;0,288359578;250
POL-10866;0,454827432;1;1130;4640;0,312766719;4590
POL-10867;0,432033473;0;1320;6710;0,178575784;820
POL-10868;0,472738026;1;1400;5350;0,1618697;4310
POL-10869;0,253897395;0;1320;5640;0,256192071;910
POL-10870;0,285721362;0;920;4230;0,284107773;220
POL-10871;0,231792281;0;1200;8070;0,125995801;440
POL-10872;0,233204146;0;1380;3730;0,139187265;900
POL-10873;0,169730326;0;660;7260;0,210017996;230
POL-10874;0,491512174;1;970;8510;0,183315706;3400
POL-10875;0,331958775;0;1380;10480;0,26173632;140
POL-10876;0,342703134;0;1170;7500;0,201345497;220
POL-10877;0,47320746;0;1170;6950;0,083479732;180
POL-10878;0,057826175;0;1530;3120;0,099785958;640
POL-10879;0,334282337;0;1240;9450;0,320572653;320
POL-10880;0,505566373;1;1130;6790;0,118219509;5600
POL-10881;0,109267717;0;1170;7120;0,065025827;450
POL-10882;0,476371862;1;1180;7290;0,269436367;2430
POL-10883;0,335152019;0;1040;6730;0,255203343;550
POL-10884;0,311311266;0;1190;6520;0,230022806;710
POL-10885;0,315651452;1;970;5770;0,200676846;4640
POL-10886;0,134259306;0;1170;7950;0,340874106;360
POL-10887;0,042612517;0;1120;3500;0,085949689;550
POL-10888;0,440249252;0;1310;3460;0,203048835;80
POL-10889;0,119593496;0;1630;4810;0,219213483;750
POL-10890;0,200077931;0;1310;9000;0,056747876;410
POL-10891;0,700781798;1;1280;7390;0,173597727;5210
POL-10892;0,281755545;0;1310;5230;0,284840638;320
POL-10893;0,349265115;1;1030;4900;0,191329627;3710
POL-10894;0,183486628;0;1430;6340;0,312583535;440
POL-10895;0,502316674;1;1350;7300;0,24343968;5190
POL-10896;0,062450078;0;1240;9220;0,279825609;840
POL-10897;0,43544377;0;1340;10610;0,291344041;890
POL-10898;0,092063015;0;1330;6250;0,256850072;620
POL-10899;0,625751888;1;1330;10900;0,274814198;5490
POL-10900;0,377008117;0;1500;6660;0,258593162;810
POL-10901;0,127171979;0;1060;7100;0,215139125;290
POL-10902;0,274352874;0;1580;8460;0,21995989;700
POL-10903;0,382566616;1;850;8750;0,106965435;3380
POL-10904;0,17843962;0;1420;9650;0,29823177;710
POL-10905;0,216290537;0;1290;3930;0,143641194;100
POL-10906;0,520974034;0;1010;6740;0,210721065;600
POL-10907;0,279074005;0;1510;9010;0,124863667;650
POL-10908;0,4849888;1;800;4360;0,258759494;3870
POL-10909;0,348112864;0;1660;2760;0,342550686;1020
POL-10910;0,377697308;0;1810;3530;0,29058207;1120
POL-10911;0,455267638;0;1210;6260;0,235728645;730
POL-10912;0,564636774;1;990;10540;0,22025196;3520
POL-10913;0,135254955;0;1110;3480;0,196931377;540
POL-10914;0,418906297;0;1490;4170;0,11149143;460
POL-10915;0,627723973;1;1170;5490;0,154403016;4120
POL-10916;0,423306262;0;520;4510;0,171918222;120
POL-10917;0,324286533;0;1350;4150;0,333370722;370
POL-10918;0,523732353;0;1470;2420;0,177674856;420
POL-10919;0,684364393;1;1380;5440;0,225857106;6450
POL-10920;0,359265276;0;1420;10420;0,326727362;260
POL-10921;0,393961432;0;1650;7610;0,205527922;290
POL-10922;0,379995655;1;1200;8850;0,125434934;4040
POL-10923;0,084174337;0;1680;5290;0,164301832;90
POL-10924;0,437227115;1;1210;4810;0,16266176;5850
POL-10925;0,094107794;0;1530;7540;0,264415269;510
POL-10926;0,398261286;0;1210;6670;0,138836219;180
POL-10927;0,077655066;0;1760;6390;0,269086573;1190
POL-10928;0,128212455;0;1410;9850;0,316772814;680
POL-10929;0,214250643;0;1230;4890;0,150821904;410
POL-10930;0,189808852;0;950;4610;0,09060233;120
POL-10931;0,44954969;1;1300;8200;0,241566305;5240
POL-10932;0,234083136;0;1050;7930;0,15825634;500
POL-10933;0,100474687;0;1360;4410;0,21019585;920
POL-10934;0,17529107;0;1410;6660;0,24024969;500
POL-10935;0,311206246;0;1510;2910;0,172322883;760
POL-10936;0,307258143;0;1380;7100;0,327408336;240
POL-10937;0,316229839;0;1270;5560;0,169884396;580
POL-10938;0,44932303;0;1580;6010;0,142212298;320
POL-10939;0,499260759;1;1610;4220;0,315702566;3630
POL-10940;0,379732875;0;990;8890;0,090890517;380
POL-10941;0,25879512;0;1690;7020;0,087262679;320
POL-10942;0,217206502;0;1560;8490;0,330709462;810
POL-10943;0,633727142;1;1040;6290;0,112690524;4030
POL-10944;0,302422545;0;780;8880;0,094531221;240
POL-10945;0,353243832;0;1550;2760;0,210550491;400
POL-10946;0,196008801;0;1300;6510;0,06403654;210
POL-10947;0,194604146;0;1140;8890;0,2360045;350
POL-10948;0,120165963;0;1330;2540;0,18587924;550
POL-10949;0,288173835;0;1550;6760;0,242123589;450
POL-10950;0,194510768;0;740;7650;0,135181071;340
POL-10951;0,221901747;0;1280;5730;0,321641664;620
POL-10952;0,492442414;1;1260;8490;0,131174214;4630
POL-10953;0,085065998;0;1620;8510;0,241269406;820
POL-10954;0,17078468;0;1460;5260;0,333527555;930
POL-10955;0,327529942;0;1450;5730;0,170242787;100
POL-10956;0,314601753;0;1140;4180;0,098427958;470
POL-10957;0,559130043;0;1420;7140;0,070514743;630
POL-10958;0,056907466;0;1130;6900;0,338905399;580
POL-10959;0,521586297;0;1220;6500;0,279110446;370
POL-10960;0,110911174;0;1390;6700;0,325685618;810
POL-10961;0,226522845;1;1270;4790;0,259649916;3450
POL-10962;0,082323795;0;1330;3640;0,152734551;420
POL-10963;0,020337621;0;1580;7390;0,086904976;820
POL-10964;0,515099225;0;1160;6100;0,328792058;760
POL-10965;0,152429583;0;990;4440;0,196885713;570
POL-10966;0,40156169;1;1020;5050;0,168952699;3090
POL-10967;0,193474165;0;970;8340;0,223337618;220
POL-10968;0,567605516;1;1650;8220;0,081967796;3040
POL-10969;0,20745753;0;1410;7830;0,142761146;560
POL-10970;0,243032793;0;1520;6420;0,241362832;120
POL-10971;0,168679623;0;1470;5140;0,080036884;720
POL-10972;0,119787213;0;1200;9140;0,090572828;250
POL-10973;0,428163737;1;1660;5850;0,203176359;6520
POL-10974;0,280532852;0;1080;7040;0,237037137;510
POL-10975;0,025530459;0;1750;4800;0,106100512;640
POL-10976;0,575883893;1;1280;6020;0,05992539;5170
POL-10977;0,246674913;0;1700;1170;0,337510068;1060
POL-10978;0,126591412;0;990;5240;0,058247797;540
POL-10979;0,076905263;0;1140;3450;0,050615612;500
POL-10980;0,131786599;0;850;6930;0,147002171;430
POL-10981;0,34235225;0;1510;5310;0,116735951;480
POL-10982;0,442287044;0;1310;5900;0,222075909;390
POL-10983;0,229020801;1;1750;10760;0,318262663;5750
POL-10984;0,813342405;1;1130;4460;0,194332302;2410
POL-10985;0,207923424;0;1580;6740;0,281990363;470
POL-10986;0,260834443;0;1270;6940;0,322768112;640
POL-10987;0,109526284;0;1230;4600;0,106819896;300
POL-10988;0,250851252;0;1180;8710;0,196493266;670
POL-10989;0,461526269;1;1040;9790;0,242621;3520
POL-10990;0,622452121;1;1340;8900;0,149564971;5720
POL-10991;0,398479893;0;1300;4590;0,271925633;750
POL-10992;0,058734322;0;860;5090;0,261594493;410
POL-10993;0,099685862;0;620;2450;0,176328285;310
POL-10994;0,058745387;0;1170;6140;0,076386126;460
POL-10995;0,140494813;0;1540;6280;0,053470635;640
POL-10996;0,18135618;0;1310;8060;0,160804869;120
POL-10997;0,120773228;0;920;10030;0,074620654;200
POL-10998;0,380390506;0;810;3980;0,284487333;420
POL-10999;0,115508747;0;1540;6780;0,150297735;1020
POL-11000;0,344240886;0;840;6050;0,249829483;340
POL-11001;0,424034506;0;1440;6200;0,153913696;750
POL-11002;0,222823997;0;1390;9630;0,288781525;690
POL-11003;0,496615888;0;1660;6690;0,316523749;1160
POL-11004;0,367241981;1;1090;7600;0,301254245;2900
POL-11005;0,176604609;0;1480;7450;0,195342069;680
POL-11006;0,258063473;0;1600;6940;0,075185483;200
POL-11007;0,189464697;0;920;4970;0,161513332;260
POL-11008;0,415539895;0;1280;10240;0,177336798;270
POL-11009;0,373666577;0;1240;6430;0,338076203;750
POL-11010;0,315743268;0;980;7560;0,219649192;330
POL-11011;0,083993295;0;1320;7010;0,24225387;530
POL-11012;0,170400261;0;960;2280;0,284601074;650
POL-11013;0,147767561;0;1350;4420;0,22046074;800
POL-11014;0,039946972;0;1790;6730;0,229545383;1010
POL-11015;0,103294152;0;1200;4800;0,123598339;170
POL-11016;0,105152949;0;1230;7310;0,067659982;80
POL-11017;0,227866479;0;1600;4680;0,266415764;210
POL-11018;0,403684537;0;1560;6530;0,304605409;830
POL-11019;0,185412509;0;1100;3090;0,173600055;350
POL-11020;0,235632032;0;1420;8170;0,214674336;180
POL-11021;0,235687195;0;510;7400;0,142185568;270
POL-11022;0,25568945;0;1000;7500;0,185066178;180
POL-11023;0,277316589;0;1520;6320;0,112666918;660
POL-11024;0,492903858;1;1120;5110;0,277966042;4740
POL-11025;0,22461636;0;1200;9660;0,197573536;530
POL-11026;0,49789416;1;1020;9830;0,214146966;3380
POL-11027;0,270816771;0;980;6360;0,061126423;330
POL-11028;0,244796653;0;630;5360;0,236719518;160
POL-11029;0,706939834;1;1160;3040;0,110796744;3450
POL-11030;0,440518104;0;1370;6950;0,165018393;520
POL-11031;0,042832046;0;1310;5160;0,17381471;790
POL-11032;0,338288765;0;1040;5540;0,184619779;690
POL-11033;0,109312593;0;890;8430;0,118230917;610
POL-11034;0,279077976;1;1160;4580;0,305033067;3020
POL-11035;0,123195676;0;920;10340;0,178355045;410
POL-11036;0,3108549;0;1060;4470;0,233640337;450
POL-11037;0,580763866;1;1280;2410;0,234181264;4540
POL-11038;0,352018868;0;1030;5180;0,232095402;150
POL-11039;0,211624488;1;1570;7210;0,217795403;4130
POL-11040;0,190601567;0;990;6770;0,296787724;330
POL-11041;0,528740617;0;1100;6870;0,293785344;190
POL-11042;0,344165427;1;1460;5950;0,175143372;5920
POL-11043;0,509483025;1;1420;5500;0,240753814;3360
POL-11044;0,388830098;0;1380;4020;0,080848773;620
POL-11045;0,248622355;0;1090;6760;0,077231803;90
POL-11046;0,325850224;1;1400;8610;0,193974922;6270
POL-11047;0,61614909;1;1450;6530;0,320061207;3890
POL-11048;0,263736783;0;1360;4980;0,244999911;460
POL-11049;0,182186945;0;1240;6790;0,250764927;590
POL-11050;0,171892971;0;1390;9430;0,097301994;840
POL-11051;0,396705897;1;1230;6090;0,185991333;2490
POL-11052;0,202451744;0;1350;4030;0,170237283;480
POL-11053;0,228637653;0;1270;6940;0,284893504;280
POL-11054;0,463490705;0;870;7680;0,091347229;310
POL-11055;0,101186732;0;1100;8230;0,211757302;730
POL-11056;0,279918406;0;1770;7890;0,323405451;1030
POL-11057;0,491467982;1;770;6830;0,317737967;2410
POL-11058;0,315994108;0;1640;4830;0,305701133;920
POL-11059;0,281719422;0;1410;4530;0,162495594;230
POL-11060;0,377419119;0;1260;5820;0,332330207;530
POL-11061;0,323170033;0;830;7730;0,291590153;480
POL-11062;0,245378744;0;1250;5200;0,305342396;520
POL-11063;0,050799429;0;1060;5520;0,329706138;330
POL-11064;0,389307378;0;1550;4730;0,33110038;400
POL-11065;0,090944899;0;1080;9620;0,122019489;270
POL-11066;0,406607334;1;1180;6060;0,088306314;3150
POL-11067;0,049133173;0;1310;7840;0,257262483;770
POL-11068;0,134060806;0;1090;9660;0,218964187;640
POL-11069;0,311357423;1;1490;4600;0,148227952;4170
POL-11070;0,234754508;0;1180;8020;0,255334852;670
POL-11071;0,206551447;0;780;6310;0,068599063;60
POL-11072;0,681655268;1;1290;9310;0,064162495;3600
POL-11073;0,412586814;0;1450;4920;0,156293175;560
POL-11074;0,053121043;0;1610;6930;0,108153987;510
POL-11075;0,490619043;0;1390;7770;0,265566815;170
POL-11076;0,4547963;1;1540;5130;0,334406551;3960
POL-11077;0,360814943;0;1370;6080;0,248488224;610
POL-11078;0,188066628;0;1010;6220;0,24643531;260
POL-11079;0,396148132;0;1050;8690;0,051978672;60
POL-11080;0,284176163;0;680;10940;0,203683092;220
POL-11081;0,436560992;1;1200;9650;0,295130396;2840
POL-11082;0,141909267;0;1410;9380;0,24623611;600
POL-11083;0,175129916;0;860;-1870;0,118334715;560
POL-11084;0,109395224;0;1570;6770;0,304542575;390
POL-11085;0,150946595;0;1220;6630;0,339313017;850
POL-11086;0,199771159;0;1030;8100;0,133697854;110
POL-11087;0,323737195;0;850;3620;0,112128303;90
POL-11088;0,152292841;0;1670;7950;0,151558071;860
POL-11089;0,271506531;0;1550;2330;0,068947485;830
POL-11090;0,485099302;1;1150;8550;0,312029802;2370
POL-11091;0,359694166;0;1480;3200;0,328789844;350
POL-11092;0,196680162;0;1200;8950;0,239990912;680
POL-11093;0,015531498;0;1100;8850;0,279300444;740
POL-11094;0,279980159;0;1090;5830;0,250595203;760
POL-11095;0,186062123;0;1190;7380;0,163206269;550
POL-11096;0,116909705;0;1150;6490;0,239612709;610
POL-11097;0,286728069;0;1270;3540;0,300896051;740
POL-11098;0,45246467;1;1650;7630;0,292972223;7970
POL-11099;0,171781471;0;1820;8870;0,074317258;1270
POL-11100;0,419822925;0;950;5860;0,188780288;550
POL-11101;0,233465421;0;1360;7780;0,169196439;650
POL-11102;0,343082445;0;1300;4750;0,275602624;380
POL-11103;0,479905969;0;1380;8340;0,200412782;610
POL-11104;0,015933791;0;1140;6520;0,154910333;710
POL-11105;0,352448124;1;1390;6470;0,261904928;3080
POL-11106;0,657725242;1;910;7440;0,192073556;2470
POL-11107;0,537936364;1;2100;9560;0,126987208;4220
POL-11108;0,122755552;0;1320;7550;0,317125077;890
POL-11109;0,316296751;0;1430;4340;0,083914354;810
POL-11110;0,71829858;1;970;5060;0,055426312;4370
POL-11111;0,209637494;0;1080;6360;0,09317331;60
POL-11112;0,479841398;1;880;7490;0,099092976;3470
POL-11113;0,300963548;0;1610;4180;0,21141266;690
POL-11114;0,219984631;0;970;7200;0,23745965;100
POL-11115;0,477741069;0;1200;8280;0,18458334;810
POL-11116;0,477133284;1;1210;5500;0,111251374;2710
POL-11117;0,13018425;1;1370;10440;0,08965727;4910
POL-11118;0,530399389;0;930;5010;0,197645591;560
POL-11119;0,005368084;0;1460;6900;0,219644926;390
POL-11120;0,214228378;0;1560;2320;0,141188412;640
POL-11121;0,290788003;0;1080;5870;0,116131984;460
POL-11122;0,210646876;0;1240;6200;0,074177818;840
POL-11123;0,279831189;0;1410;5640;0,057873346;190
POL-11124;0,183514782;0;1310;5030;0,081720929;710
POL-11125;0,263223141;0;1000;5470;0,272623824;420
POL-11126;0,420066428;0;1430;7770;0,153205595;860
POL-11127;0,277542441;0;1630;2660;0,058225675;960
POL-11128;0,623626548;1;1630;2780;0,202449582;5730
POL-11129;0,274674733;0;1390;5520;0,21082018;300
POL-11130;0,231175621;0;1440;6260;0,178606634;240
POL-11131;0,750100946;1;1150;4930;0,083204844;4840
POL-11132;0,48770314;0;1020;6630;0,276490219;650
POL-11133;0,38579894;0;1230;7740;0,256724476;70
POL-11134;0,067547454;0;1820;8460;0,168418741;670
POL-11135;0,579543534;1;1120;9150;0,164244607;4410
POL-11136;0,422078173;1;1360;3850;0,096780534;3090
POL-11137;0,107606397;0;1340;4960;0,276064804;640
POL-11138;0,373701022;0;1160;4750;0,229872171;680
POL-11139;0,137424309;1;1620;8520;0,075738034;6320
POL-11140;0,53278754;1;1650;5230;0,163419038;4630
POL-11141;0,550243747;1;1920;7110;0,321068283;8200
POL-11142;0,452797321;1;1050;3670;0,18571238;5050
POL-11143;0,185826486;0;1350;5210;0,14747825;470
POL-11144;0,43911412;1;1270;4710;0,243135223;5040
POL-11145;0,087552869;0;1080;7870;0,110891713;130
POL-11146;0,30255531;0;1080;4010;0,207141019;220
POL-11147;0,226925743;0;1290;10070;0,250856826;240
POL-11148;0,220794685;0;1130;6930;0,306463525;750
POL-11149;0,093218206;0;1010;5040;0,257751291;680
POL-11150;0,291879328;0;1280;7180;0,165322939;70
POL-11151;0,129350055;0;970;4870;0,280340052;160
POL-11152;0,19306595;0;1130;4380;0,319519978;710
POL-11153;0,384168615;0;1340;7900;0,193329087;100
POL-11154;0,29001827;1;1220;9240;0,051350236;5100
POL-11155;0,196853605;0;1190;7260;0,314275408;350
POL-11156;0,1316671;0;1700;4040;0,099632597;680
POL-11157;0,345764057;0;1600;4870;0,087897651;870
POL-11158;0,359874071;0;1270;9560;0,14230357;260
POL-11159;0,169746875;0;1000;8090;0,163995124;120
POL-11160;0,207233119;0;1450;4240;0,289813009;840
POL-11161;0,297905044;1;1880;5070;0,166755016;4680
POL-11162;0,128992339;0;1590;6870;0,06464635;760
POL-11163;0,32571217;0;920;6210;0,240788504;540
POL-11164;0,111839731;0;1200;10680;0,251366307;790
POL-11165;0,144400037;0;1070;5040;0,294266276;210
POL-11166;0,007274705;0;1020;7700;0,169659824;280
POL-11167;0,138639102;0;1530;7090;0,075821323;290
POL-11168;0,046849265;0;1530;3180;0,215918683;140
POL-11169;0,200792607;0;1690;1710;0,086299215;890
POL-11170;0,171549652;0;1420;5730;0,055122597;210
POL-11171;0,051771843;0;1240;7340;0,283575042;140
POL-11172;0,270366686;1;1300;9680;0,17102318;5980
POL-11173;0,527924384;1;1020;4930;0,207501552;2620
POL-11174;0,667896947;1;1590;7450;0,248854761;6650
POL-11175;0,061449694;0;1060;5920;0,1703083;100
POL-11176;0,309056778;1;1150;9950;0,065339478;4500
POL-11177;0,352706566;0;1170;6420;0,125823097;650
POL-11178;0,403593261;0;480;5620;0,108302357;290
POL-11179;0,214432615;0;1470;6840;0,343218206;900
POL-11180;0,340843698;0;1010;6890;0,271851636;670
POL-11181;0,412361088;1;1420;9290;0,185464999;2610
POL-11182;0,572435954;1;1140;6510;0,069010219;5180
POL-11183;0,292978874;0;1140;7360;0,084755157;450
POL-11184;0,039280163;0;970;3190;0,293869871;150
POL-11185;0,223257753;0;1600;4190;0,333634728;760
POL-11186;0,339906836;0;1650;5750;0,059405055;430
POL-11187;0,183681187;0;1500;6710;0,323119137;120
POL-11188;0,388566277;0;1320;4980;0,164169114;130
POL-11189;0,084627335;0;1280;7070;0,114089798;420
POL-11190;0,643405283;1;1520;5450;0,080669707;4090
POL-11191;0,17970506;0;1220;9900;0,281524683;310
POL-11192;0,099045495;0;1580;6090;0,190673146;870
POL-11193;0,132014777;0;1010;7360;0,299727135;90
POL-11194;0,486524177;0;1500;6060;0,117847146;460
POL-11195;0,142147087;0;1570;6310;0,253570411;210
POL-11196;0,320322582;0;980;7590;0,085436511;600
POL-11197;0,58348961;0;1040;6780;0,076925205;710
POL-11198;0,127768664;0;1240;5460;0,090019955;320
POL-11199;0,511163986;1;1360;7170;0,29267039;4330
POL-11200;0,408754352;1;1100;6180;0,246685921;5400
POL-11201;0,040629357;0;1270;7670;0,099789168;60
POL-11202;0,438400971;0;730;8800;0,165431663;270
POL-11203;0,443526824;1;1440;8480;0,279105803;5580
POL-11204;0,035930195;0;1450;4380;0,135702317;580
POL-11205;0,259969159;0;1630;440;0,326379114;660
POL-11206;0,288495702;0;1390;11020;0,324380837;470
POL-11207;0,209068703;1;1160;7550;0,215870248;5140
POL-11208;0,185102933;0;1000;7250;0,239592281;70
POL-11209;0,071877485;0;1050;5080;0,245965506;480
POL-11210;0,347724565;0;1230;2400;0,127540537;670
POL-11211;0,009063576;0;1040;2490;0,159596417;590
POL-11212;0,270757286;0;1060;5830;0,090782333;480
POL-11213;0,206170011;1;1240;6810;0,327461402;2310
POL-11214;0,23538929;0;850;9870;0,267154832;50
POL-11215;0,370278596;0;1000;6990;0,06390688;630
POL-11216;0,207440518;0;1300;7840;0,214816235;430
POL-11217;0,332000755;0;1320;5430;0,15292212;580
POL-11218;0,243556442;0;1470;5580;0,294586363;260
POL-11219;0,182928744;0;1290;3550;0,153140026;180
POL-11220;0,265448389;0;1260;4040;0,243245037;130
POL-11221;0,371297271;1;1410;4020;0,0997221;5730
POL-11222;0,3393431;0;1300;5770;0,217626647;610
POL-11223;0,016108665;0;1010;3170;0,13816572;460
POL-11224;0,370040182;0;1050;4880;0,099466527;680
POL-11225;0,309330522;0;1670;6420;0,235777744;260
POL-11226;0,03437693;0;2050;1690;0,24159236;330
POL-11227;0,40806964;0;1430;9460;0,345006134;250
POL-11228;0,286910505;0;1000;10060;0,250731818;330
POL-11229;0,627356876;1;1720;8570;0,204712982;4030
POL-11230;0,130003186;0;1140;7280;0,323786253;710
POL-11231;0,368349629;1;1360;7150;0,298484246;3340
POL-11232;0,206817817;0;1240;7560;0,214623884;590
POL-11233;0,501760343;1;1300;6670;0,203404723;5260
POL-11234;0,257045349;0;1140;6860;0,332590756;520
POL-11235;0,604134099;1;1570;3180;0,235138113;4460
POL-11236;0,078468116;0;1200;6730;0,264133751;610
POL-11237;0,295594584;0;1400;7500;0,076003713;770
POL-11238;0,368477702;0;1400;7180;0,265491686;650
POL-11239;0,393107156;0;1220;8800;0,129404553;280
POL-11240;0,529186384;1;870;9440;0,084661377;3120
POL-11241;0,309965826;0;1040;5450;0,304899833;370
POL-11242;0,056776131;0;1430;4230;0,257357326;210
POL-11243;0,155500313;0;1330;9010;0,172269294;460
POL-11244;0,094994183;0;1050;7830;0,179425018;160
POL-11245;0,659462532;1;1260;5350;0,109135317;3130
POL-11246;0,23492957;0;1300;6050;0,052865299;110
POL-11247;0,202478351;0;1400;5890;0,154807742;930
POL-11248;0,341198501;0;1710;7040;0,094524308;360
POL-11249;0,371293087;0;680;9370;0,176518039;240
POL-11250;0,257904352;0;1550;4710;0,300147526;110
POL-11251;0,328436423;0;1300;7090;0,084426309;230
POL-11252;0,419731957;0;990;7010;0,077526081;500
POL-11253;0,130841336;0;1290;2530;0,320630666;160
POL-11254;0,327505749;1;1610;11510;0,273541869;7320
POL-11255;0,309066602;0;1690;6920;0,06592096;90
POL-11256;0,443295642;0;990;8810;0,073871146;350
POL-11257;0,451953972;1;1040;3260;0,255477268;3560
POL-11258;0,176625016;0;930;10350;0,161103261;610
POL-11259;0,066289592;0;1310;5800;0,267251989;490
POL-11260;0,266056589;0;1320;1890;0,171336221;790
POL-11261;0,350135842;0;1500;3660;0,340336006;860
POL-11262;0,516095931;1;1360;4040;0,258324984;6150
POL-11263;0,109705567;0;1470;4950;0,063984729;910
POL-11264;0,062639916;0;900;3920;0,149150532;420
POL-11265;0,132557411;0;1690;8120;0,219081856;200
POL-11266;0,058327766;0;1570;6860;0,092562091;1040
POL-11267;0,325402512;0;1120;7520;0,05075609;180
POL-11268;0,28860452;0;1050;7360;0,07379244;370
POL-11269;0,353182689;1;1440;6010;0,207279043;2660
POL-11270;0,133989424;0;860;3380;0,239676527;390
POL-11271;0,406785427;0;1070;3480;0,077871013;520
POL-11272;0,156294455;0;990;3560;0,249546957;200
POL-11273;0,296958383;1;1230;4320;0,235137247;4660
POL-11274;0,643401499;1;1140;9890;0,331969095;5620
POL-11275;0,142121503;0;1050;3510;0,302202647;140
POL-11276;0,166997357;0;1030;9460;0,332972559;600
POL-11277;0,129696551;0;1090;4390;0,339832287;590
POL-11278;0,178287272;0;950;3790;0,182242561;320
POL-11279;0,170765295;0;1390;7340;0,196373204;160
POL-11280;0,185264776;0;1530;9030;0,13448659;520
POL-11281;0,218931118;0;1350;3250;0,202529721;330
POL-11282;0,338275097;0;1600;6320;0,095214409;890
POL-11283;0,460449399;0;1040;8870;0,251429288;120
POL-11284;0,301102274;0;1060;8320;0,05747976;360
POL-11285;0,240979649;0;1360;3410;0,120688327;590
POL-11286;0,041859412;0;1390;6090;0,112421509;960
POL-11287;0,649237694;1;1250;3280;0,331366721;4430
POL-11288;0,281072091;0;1240;7250;0,093470526;150
POL-11289;0,291342807;0;980;6830;0,317232635;680
POL-11290;0,546292612;0;580;7630;0,087307466;180
POL-11291;0,189689614;0;1390;4590;0,245209396;740
POL-11292;0,248596904;0;1500;5100;0,14596579;840
POL-11293;0,43922109;1;1140;8480;0,144800711;4910
POL-11294;0,463606926;1;1110;8560;0,34948133;5380
POL-11295;0,267257727;0;1090;9840;0,117812857;250
POL-11296;0,281930373;0;1160;9340;0,11076802;630
POL-11297;0,569273023;1;1500;3200;0,226800425;7500
POL-11298;0,223670089;0;1020;8950;0,272225719;510
POL-11299;0,230612713;0;1410;6430;0,344751357;470
POL-11300;0,35315442;0;1130;7950;0,260424132;250
POL-11301;0,232142364;1;750;5820;0,21856132;3060
POL-11302;0,238438999;0;1160;4670;0,172739515;750
POL-11303;0,365263321;1;1660;5930;0,228533843;3480
POL-11304;0,413321176;0;1080;6630;0,230250499;280
POL-11305;0,14127775;0;1190;7080;0,115313448;310
POL-11306;0,278941061;0;1250;8450;0,251362568;700
POL-11307;0,47701801;0;1300;4420;0,111327137;430
POL-11308;0,361797462;0;1640;4250;0,196986447;690
POL-11309;0,296197973;0;1050;3240;0,127960854;340
POL-11310;0,346225256;0;1250;6060;0,143840307;260
POL-11311;0,10846004;0;1440;4750;0,234163106;250
POL-11312;0,226908282;0;1070;5840;0,069345534;150
POL-11313;0,150515812;0;1270;6550;0,053610445;70
POL-11314;0,294506334;0;1500;2930;0,089186003;350
POL-11315;0,536216032;0;1120;5390;0,100612093;180
POL-11316;0,137515606;0;1210;7230;0,10936189;260
POL-11317;0,264319293;0;960;6640;0,282179321;100
POL-11318;0,166740761;0;1490;5750;0,18405739;410
POL-11319;0,128756065;0;1290;6430;0,19098084;500
POL-11320;0,326856395;0;1140;5960;0,243300249;760
POL-11321;0,115763076;0;1170;4510;0,268732631;320
POL-11322;0,33841705;0;1250;4170;0,051052505;90
POL-11323;0,359838382;0;1330;11870;0,307017601;380
POL-11324;0,173783027;0;1090;7760;0,346530454;630
POL-11325;0,278302882;1;1110;8660;0,08654223;2960
POL-11326;0,674194964;1;1180;7710;0,245324175;5840
POL-11327;0,036352157;0;1290;9290;0,050724126;840
POL-11328;0,224494366;0;1650;7650;0,064708846;400
POL-11329;0,598346725;0;1050;2290;0,135500306;710
POL-11330;0,346636076;0;840;4820;0,303921225;500
POL-11331;0,403167574;1;1600;6970;0,24575027;7210
POL-11332;0,528049955;1;1030;6920;0,18374628;3320
POL-11333;0,459943129;0;1620;6760;0,181579542;320
POL-11334;0,335460948;0;1560;4270;0,189816072;820
POL-11335;0,390119586;0;1390;5380;0,143309932;380
POL-11336;0,146522834;0;1550;7000;0,313314355;570
POL-11337;0,233583249;0;790;6570;0,220360739;90
POL-11338;0,535585206;1;910;8050;0,195184989;4400
POL-11339;0,545890689;1;1320;4350;0,189522981;3930
POL-11340;0,293246897;0;1150;7470;0,33074794;410
POL-11341;0,260600538;0;1050;5350;0,267098578;290
POL-11342;0,146188074;0;1450;5790;0,093444366;520
POL-11343;0,38358292;1;1310;6390;0,181091051;2640
POL-11344;0,037206288;0;1510;3040;0,136511663;530
POL-11345;0,152659357;0;1160;6750;0,346060597;440
POL-11346;0,329094017;0;1250;9020;0,174618712;630
POL-11347;0,303409051;0;1630;4070;0,070361031;970
POL-11348;0,266242775;0;930;10220;0,1733636;360
POL-11349;0,239352864;0;1230;5200;0,146405084;820
POL-11350;0,067260247;0;1030;7680;0,229874794;290
POL-11351;0,54211489;1;1670;3850;0,117823453;3300
POL-11352;0,166930655;0;1850;10820;0,060792095;930
POL-11353;0,312502575;1;1300;4380;0,078764113;5680
POL-11354;0,575485926;1;1370;6910;0,134944277;4450
POL-11355;0,425088966;0;1220;5430;0,154496789;370
POL-11356;0,603466901;1;1210;6400;0,300335162;3230
POL-11357;0,164421933;0;1270;6720;0,131020905;530
POL-11358;0,208699798;0;910;5850;0,059447916;80
POL-11359;0,480718189;0;1420;5140;0,284220045;730
POL-11360;0,25076845;0;1000;6410;0,310675271;560
POL-11361;0,137013481;0;1160;6360;0,197691871;800
POL-11362;0,624506421;0;1260;7150;0,135478169;400
POL-11363;0,191812055;0;1060;7470;0,281641964;400
POL-11364;0,299208322;0;1400;8120;0,052669522;870
POL-11365;0,268489159;0;1130;7620;0,327208469;250
POL-11366;0,314492331;0;1520;6760;0,309659493;260
POL-11367;0,166359212;0;1030;5990;0,213449963;140
POL-11368;0,035179781;0;1210;3430;0,133274356;830
POL-11369;0,345881031;1;980;6810;0,059853465;4850
POL-11370;0,348471942;1;1500;8690;0,349947125;3010
POL-11371;0,082141052;0;1170;4970;0,278622117;400
POL-11372;0,215715268;0;1110;5160;0,151612963;230
POL-11373;0,082692972;0;1200;9110;0,055781591;770
POL-11374;0,41671762;1;1220;9760;0,241787519;3040
POL-11375;0,087982652;0;1350;4830;0,346071202;560
POL-11376;0,353065505;0;1380;11600;0,262121813;270
POL-11377;0,382416563;0;1210;7330;0,075114323;320
POL-11378;0,253791391;0;1240;8350;0,170683512;660
POL-11379;0,60667846;1;470;5800;0,082755039;1880
POL-11380;0,019293774;0;1140;7020;0,323648165;430
POL-11381;0,418710979;1;1610;7350;0,149124341;5750
POL-11382;0,340377992;0;1360;4700;0,270012959;820
POL-11383;0,484874492;0;980;9810;0,075407107;520
POL-11384;0,614650954;1;1150;6420;0,088524409;5170
POL-11385;0,282445427;1;1100;5500;0,253846299;2940
POL-11386;0,238730264;0;1520;4180;0,303043985;570
POL-11387;0,536693529;0;1490;7620;0,110434987;100
POL-11388;0,168824768;0;1050;7010;0,175501174;270
POL-11389;0,421936366;1;1250;4550;0,23582511;5840
POL-11390;0,326495202;0;970;6780;0,288882902;620
POL-11391;0,566549811;1;1090;7480;0,238458983;4160
POL-11392;0,071464723;0;1100;5710;0,078627776;500
POL-11393;0,061517378;0;1070;7250;0,212845799;410
POL-11394;0,207669837;0;1340;6510;0,315382004;450
POL-11395;0,278206491;0;1590;6060;0,310407116;100
POL-11396;0,387627301;0;1230;4580;0,225504682;700
POL-11397;0,137321666;0;990;6900;0,348708862;480
POL-11398;0,04255494;0;1300;2350;0,081537117;610
POL-11399;0,702722846;0;1300;9380;0,193578607;750
POL-11400;0,203176635;0;1200;8870;0,282537092;780
POL-11401;0,463688622;0;1710;4450;0,092311435;520
POL-11402;0,120204688;0;1310;3620;0,341824928;430
POL-11403;0,228285997;0;1390;8840;0,156213964;950
POL-11404;0,089540288;0;690;6170;0,155041926;330
POL-11405;0,648917323;1;1010;6620;0,11395829;2400
POL-11406;0,186266395;0;1380;6550;0,136405239;270
POL-11407;0,069840791;0;1320;3870;0,22327667;340
POL-11408;0,545248568;1;1160;8070;0,178806287;5330
POL-11409;0,207666209;0;1360;7400;0,108013453;350
POL-11410;0,584663525;1;1480;6540;0,292741982;5750
POL-11411;0,342746455;0;1130;1960;0,068671792;430
POL-11412;0,287459881;0;1090;7510;0,300395823;730
POL-11413;0,420334222;1;1190;7260;0,132481617;4670
POL-11414;0,157395394;0;1370;6310;0,198771;100
POL-11415;0,194762721;0;1110;8430;0,164319362;160
POL-11416;0,300697238;0;1460;8760;0,221180634;280
POL-11417;0,417277904;0;1130;7170;0,288796999;530
POL-11418;0,279098657;0;1110;3480;0,346795938;190
POL-11419;0,044377672;0;1840;3970;0,141817744;550
POL-11420;0,308692866;0;940;5100;0,216141324;530
POL-11421;0,219881377;0;1450;6000;0,189802265;190
POL-11422;0,277964239;0;800;8180;0,349678448;80
POL-11423;0,248028117;0;1410;7160;0,292674089;570
POL-11424;0,243931366;0;1920;6170;0,169125158;970
POL-11425;0,286690687;0;1510;7760;0,193063717;970
POL-11426;0,456775903;1;1580;4950;0,123786978;7400
POL-11427;0,115756282;0;1230;7750;0,276574196;820
POL-11428;0,213322737;0;1490;6960;0,303563536;310
POL-11429;0,109009194;0;1310;7550;0,339496047;360
POL-11430;0,20700144;0;1760;8190;0,219748669;1050
POL-11431;0,278568901;0;970;6400;0,251204901;560
POL-11432;0,11692482;0;1550;2520;0,18381765;750
POL-11433;0,31549143;0;1360;5180;0,232738553;520
POL-11434;0,316221204;0;1020;8060;0,154624709;60
POL-11435;0,134227257;0;1180;5370;0,271306735;270
POL-11436;0,223041932;0;850;5170;0,05681011;130
POL-11437;0,043855712;0;430;6620;0,058537055;40
POL-11438;0,136626613;0;950;8690;0,264836267;530
POL-11439;0,193516877;0;1150;7420;0,329204841;160
POL-11440;0,175368607;0;1270;9980;0,23967468;360
POL-11441;0,059100236;0;920;7300;0,26795849;630
POL-11442;0,102480725;0;1170;7230;0,297180287;370
POL-11443;0,222156038;0;1310;6030;0,158502279;190
POL-11444;0,500028501;1;1110;3400;0,082434097;4300
POL-11445;0,400912691;0;980;6790;0,329927686;560
POL-11446;0,271406621;0;1070;6580;0,33157117;250
POL-11447;0,361718103;1;1580;7830;0,182552167;5710
POL-11448;0,525270632;0;820;7110;0,115150897;190
POL-11449;0,093729304;0;1540;7040;0,317706315;770
POL-11450;0,541659287;1;1590;8770;0,262528009;4640
POL-11451;0,375962763;1;1160;5980;0,052468505;4410
POL-11452;0,457404904;1;1370;8180;0,08231591;2570
POL-11453;0,101130538;0;1050;9080;0,344959893;550
POL-11454;0,198275376;0;1320;5390;0,061438454;620
POL-11455;0,441785233;1;1810;5680;0,134766503;8790
POL-11456;0,254606021;1;1570;4960;0,214548903;4630
POL-11457;0,231210247;0;1120;3790;0,105306685;540
POL-11458;0,526819891;1;920;10190;0,119616226;2350
POL-11459;0,233308307;0;1180;12870;0,155890246;430
POL-11460;0,311156951;0;1320;6920;0,13086628;520
POL-11461;0,524666091;1;1430;5840;0,291006868;5990
POL-11462;0,559748196;1;1220;9980;0,200082342;2270
POL-11463;0,130005335;0;1700;7700;0,133586044;1010
POL-11464;0,226690658;0;1260;4990;0,14392881;300
POL-11465;0,394226865;0;1130;4740;0,061959488;310
POL-11466;0,596575648;1;1380;8140;0,064817623;2830
POL-11467;0,132613917;0;1430;7270;0,26537227;280
POL-11468;0,402593835;0;1060;8740;0,083873251;190
POL-11469;0,238556088;0;1020;7910;0,192739032;330
POL-11470;0,520794133;0;840;4060;0,302709693;70
POL-11471;0,144959286;0;1180;4950;0,160536052;760
POL-11472;0,530085117;0;1550;4740;0,153725668;1020
POL-11473;0,391138977;0;1420;6930;0,311914483;480
POL-11474;0,212968746;1;1530;6250;0,309455119;3660
POL-11475;0,068857482;0;1090;5590;0,31404104;390
POL-11476;0,349509366;0;1210;5880;0,221574188;140
POL-11477;0,253897021;0;770;7850;0,335691282;240
POL-11478;0,049966502;0;1500;6140;0,295689184;150
POL-11479;0,539047104;1;1590;5140;0,174690328;5000
POL-11480;0,218008747;0;980;3890;0,238866543;220
POL-11481;0,51182087;1;1660;4690;0,086536725;3930
POL-11482;0,363835501;0;1190;8640;0,215399656;70
POL-11483;0,544511207;1;980;5160;0,128944725;4710
POL-11484;0,021424561;0;1170;10130;0,135064168;60
POL-11485;0,303936159;0;1410;7760;0,08771547;920
POL-11486;0,652046535;1;1240;4870;0,157459767;3230
POL-11487;0,14106139;0;1110;5270;0,194417099;130
POL-11488;0,298776501;0;1400;2280;0,230106332;380
POL-11489;0,094428519;0;1420;5620;0,141460801;110
POL-11490;0,63590356;1;1210;10400;0,28767447;4230
POL-11491;0,218216061;0;1160;9770;0,206287988;150
POL-11492;0,315482416;0;1110;9720;0,241415633;400
POL-11493;0,260707926;0;1370;7720;0,133443083;340
POL-11494;0,42242739;0;850;6140;0,294240764;460
POL-11495;0,170829265;0;1060;6700;0,237282335;390
POL-11496;0,25658632;0;1210;7590;0,308704625;730
POL-11497;0,265157443;0;1050;6470;0,097985474;690
POL-11498;0,060690653;0;1310;4930;0,16419898;890
POL-11499;0,039814195;0;1290;6360;0,083904855;280
POL-11500;0,335424936;0;1870;3790;0,114658193;1030
POL-11501;0,046108989;0;1060;7690;0,168364251;350
POL-11502;0,228769472;0;1250;4680;0,318374572;410
POL-11503;0,127741796;0;1010;7640;0,217112201;620
POL-11504;0,288015546;0;1730;4340;0,149113499;250
POL-11505;0,414828684;0;1680;6170;0,274069749;610
POL-11506;0,412519321;0;860;7050;0,055904812;370
POL-11507;0,323821357;0;1210;6170;0,161027663;110
POL-11508;0,313537059;0;1260;7780;0,230249509;770
POL-11509;0,440030764;1;1160;7400;0,224971191;2430
POL-11510;0,321265819;0;1130;5660;0,232267365;540
POL-11511;0,180633807;0;1440;5320;0,113450229;940
POL-11512;0,045701846;0;1700;5180;0,151123746;880
POL-11513;0,485692347;1;1450;4890;0,329469636;5930
POL-11514;0,651836274;1;1470;10690;0,342192659;4630
POL-11515;0,193149552;0;1160;5240;0,143611505;430
POL-11516;0,206051137;0;1500;8680;0,243351111;630
POL-11517;0,041195363;0;1500;6830;0,122389034;750
POL-11518;0,205678836;0;1130;5790;0,1605586;140
POL-11519;0,251097872;0;1190;6890;0,287700409;570
POL-11520;0,137085145;0;860;7010;0,200353619;120
POL-11521;0,130274005;0;910;2980;0,304876988;90
POL-11522;0,272265551;0;1140;6340;0,238622074;400
POL-11523;0,2461114;0;980;6510;0,238676356;430
POL-11524;0,141202109;0;1450;5840;0,060164008;980
POL-11525;0,486114599;0;1210;2250;0,274901108;610
POL-11526;0,0147804;0;1380;5840;0,343359958;600
POL-11527;0,4539745;0;940;9730;0,191908568;180
POL-11528;0,142323341;0;1570;7600;0,097574004;230
POL-11529;0,241485168;1;1370;4390;0,343093301;3460
POL-11530;0,33406225;0;1350;8290;0,137037762;260
POL-11531;0,281088092;0;1490;4290;0,172759387;760
POL-11532;0,206129373;1;1330;7040;0,073209924;3320
POL-11533;0,18514483;0;1000;7050;0,08325106;270
POL-11534;0,245932889;0;1410;5770;0,114969701;780
POL-11535;0,438252436;0;1050;8580;0,21453982;620
POL-11536;0,349069518;0;1300;8010;0,217336761;360
POL-11537;0,117970915;0;1060;4950;0,231873147;200
POL-11538;0,554751338;1;1670;5920;0,225145087;3370
POL-11539;0,076773772;0;1420;4790;0,198571095;770
POL-11540;0,48397464;1;1500;5350;0,290629596;3360
POL-11541;0,367693438;1;1060;7800;0,330169909;2970
POL-11542;0,081339121;0;1320;6470;0,1309284;430
POL-11543;0,455534293;0;1300;8560;0,089058105;120
POL-11544;0,374004275;0;1280;3340;0,177526188;160
POL-11545;0,340390593;0;770;7050;0,057926713;150
POL-11546;0,146775162;0;1740;8160;0,314995662;430
POL-11547;0,267310001;0;1240;6700;0,121911878;870
POL-11548;0,160454743;0;1380;3770;0,214788989;450
POL-11549;0,305054919;1;920;4400;0,084528497;2870
POL-11550;0,103897552;0;1620;8320;0,215977202;1030
POL-11551;0,585617779;1;1590;5430;0,061698036;3950
POL-11552;0,282772928;0;1460;4940;0,280642009;210
POL-11553;0,2134916;0;1320;5820;0,336626439;270
POL-11554;0,355958977;0;1830;5990;0,142092819;1140
POL-11555;0,573459573;0;1500;8870;0,127464383;720
POL-11556;0,163973591;0;910;3010;0,184398491;310
POL-11557;0,413808202;1;1310;7650;0,235992098;5960
POL-11558;0,293315422;1;1400;9420;0,106688739;6470
POL-11559;0,242079567;0;1280;8390;0,290992399;260
POL-11560;0,027126752;0;1390;11150;0,109560444;580
POL-11561;0,330679919;0;1610;5590;0,051642266;910
POL-11562;0,402718085;0;1200;8280;0,207275175;260
POL-11563;0,490279423;1;1160;6330;0,084544913;3680
POL-11564;0,409740836;0;980;5460;0,259471618;350
POL-11565;0,23165967;0;780;2060;0,100240999;110
POL-11566;0,138165336;0;1170;5570;0,295214119;630
POL-11567;0,031426297;0;1080;8630;0,19111044;460
POL-11568;0,421318369;0;1200;3070;0,219883371;460
POL-11569;0,332420936;1;1100;10700;0,10597555;2920
POL-11570;0,261398063;0;980;7320;0,094006423;520
POL-11571;0,135977949;0;1110;4290;0,23938774;160
POL-11572;0,058556932;0;1380;6960;0,126638185;450
POL-11573;0,601431858;1;1120;7870;0,16577767;5060
POL-11574;0,54258295;0;1200;5520;0,193834746;690
POL-11575;0,629811302;1;1770;5250;0,118890082;7110
POL-11576;0,584410297;1;1520;10450;0,288627143;3310
POL-11577;0,262393063;0;1310;5820;0,331827323;770
POL-11578;0,137233905;0;1320;6210;0,179567949;420
POL-11579;0,212053406;0;1070;9150;0,325264515;610
POL-11580;0,143783167;0;1150;6350;0,314804845;80
POL-11581;0,164970316;0;1180;8030;0,099814169;160
POL-11582;0,350723448;0;1280;5560;0,102014584;690
POL-11583;0,123676714;0;1240;5100;0,193221518;150
POL-11584;0,300130129;0;970;7260;0,207757154;480
POL-11585;0,088176667;0;1400;4540;0,152338918;730
POL-11586;0,281357324;0;1110;7310;0,143876294;530
POL-11587;0,262760454;0;1730;4660;0,179410187;1010
POL-11588;0,571722035;1;1560;7300;0,257143784;7400
POL-11589;0,097879287;0;830;8970;0,07531809;530
POL-11590;0,180908411;0;1190;2510;0,263174601;500
POL-11591;0,191892972;0;1650;5680;0,327872078;630
POL-11592;0,43788545;1;1420;2580;0,279052013;2600
POL-11593;0,276570482;0;1270;5910;0,107503057;820
POL-11594;0,360080151;0;670;7170;0,076244357;140
POL-11595;0,298203747;0;1200;5820;0,197114123;600
POL-11596;0,110321254;0;1300;2220;0,336921827;270
POL-11597;0,151889075;0;740;8300;0,295717786;80
POL-11598;0,390328238;0;1400;3580;0,218820092;940
POL-11599;0,331106886;0;1070;8170;0,092894427;140
POL-11600;0,200877611;0;1330;5010;0,264151035;660
POL-11601;0,048979617;0;1280;4760;0,293899472;420
POL-11602;0,123306778;0;1190;6520;0,330520741;710
POL-11603;0,33492058;0;1450;8630;0,23363487;800
POL-11604;0,139720281;0;1320;10410;0,204339744;190
POL-11605;0,579100716;1;1930;5680;0,235754613;5060
POL-11606;0,741944804;1;1690;3900;0,332975751;4900
POL-11607;0,229838747;0;1000;7190;0,238438126;330
POL-11608;0,415402603;0;1550;3820;0,127277555;780
POL-11609;0,332506205;0;1070;7990;0,240845422;210
POL-11610;0,426517798;0;960;7390;0,313923372;550
POL-11611;0,660901085;1;880;9210;0,220100609;2650
POL-11612;0,293099067;0;1160;8610;0,200809648;80
POL-11613;0,013338126;0;1500;6780;0,270010775;100
POL-11614;0,337122565;0;1290;6560;0,248296609;300
POL-11615;0,517027855;1;1380;4730;0,06700628;5560
POL-11616;0,057227945;0;440;4690;0,267593342;50
POL-11617;0,606893894;1;1190;6420;0,172264829;2440
POL-11618;0,643560139;1;990;4350;0,332269484;2770
POL-11619;0,440236728;0;860;5960;0,341240897;330
POL-11620;0,079094726;0;950;5560;0,184621645;400
POL-11621;0,264118806;0;1270;7690;0,340638454;830
POL-11622;0,145059676;0;1410;6460;0,143246154;780
POL-11623;0,344642458;0;1020;8490;0,254793326;160
POL-11624;0,120578259;0;1400;5900;0,072516413;790
POL-11625;0,517778042;1;1450;4160;0,093496805;3100
POL-11626;0,229050618;0;1330;7600;0,309357771;440
POL-11627;0,21150461;0;1040;6250;0,318135212;410
POL-11628;0,196278721;0;1130;5960;0,209783358;580
POL-11629;0,182361754;0;1330;5660;0,151932028;200
POL-11630;0,252251748;0;1070;6480;0,18530718;110
POL-11631;0,040652409;0;1410;5960;0,310887347;860
POL-11632;0,357818796;0;970;7530;0,113298027;570
POL-11633;0,155503262;0;1350;7980;0,138461069;530
POL-11634;0,423569818;0;1480;5760;0,28563288;710
POL-11635;0,446852194;1;1300;10500;0,330580834;3750
POL-11636;0,444945874;1;1000;5360;0,077878202;3610
POL-11637;0,349549388;1;840;6540;0,29113169;2770
POL-11638;0,315984398;1;970;3260;0,243520492;2910
POL-11639;0,497646874;1;1370;6290;0,119231463;4820
POL-11640;0,35301906;0;1200;6090;0,276745159;710
POL-11641;0,348523208;0;1100;6400;0,268374819;390
POL-11642;0,398367361;1;1350;8450;0,092608943;4570
POL-11643;0,592471774;1;750;9860;0,200675317;3520
POL-11644;0,653566304;1;1180;8720;0,277487325;2970
POL-11645;0,067968288;0;970;6290;0,107463238;300
POL-11646;0,447170989;1;910;6890;0,188829807;2750
POL-11647;0,115891734;0;1120;9550;0,086222337;600
POL-11648;0,281433349;0;1870;4500;0,142050477;480
POL-11649;0,119567409;0;1410;8070;0,11538347;630
POL-11650;0,198885623;0;970;4720;0,201521338;410
POL-11651;0,070441392;0;1550;8790;0,0923646;780
POL-11652;0,455159793;1;920;6230;0,164945227;3120
POL-11653;0,379625712;0;1630;4740;0,132548871;750
POL-11654;0,661813145;1;1030;5180;0,273814674;2280
POL-11655;0,440646186;0;1280;5500;0,259900932;620
POL-11656;0,069487926;0;1770;8410;0,078479159;310
POL-11657;0,509598561;0;1160;9180;0,336045166;350
POL-11658;0,149336246;0;1710;5700;0,273404875;660
POL-11659;0,314720981;0;1230;4760;0,234787609;610
POL-11660;0,103874188;0;1230;10560;0,193310448;660
POL-11661;0,592948389;1;1030;8140;0,103376726;4800
POL-11662;0,149323165;0;1600;4950;0,338604793;180
POL-11663;0,172969577;0;1130;7220;0,052357513;340
POL-11664;0,539753565;0;1730;5680;0,25774434;400
POL-11665;0,206381167;0;1090;3930;0,202233297;340
POL-11666;0,554929864;0;1140;5880;0,320774567;540
POL-11667;0,264696165;0;1500;3760;0,164209184;260
POL-11668;0,207521974;0;1220;5540;0,205593326;460
POL-11669;0,05368012;0;1320;5730;0,272701818;830
POL-11670;0,445202734;1;920;5420;0,064269963;4280
POL-11671;0,618491326;1;1280;8320;0,066342572;5600
POL-11672;0,307963685;0;1340;7310;0,113501825;810
POL-11673;0,620198338;1;1680;5220;0,093927375;4980
POL-11674;0,159090653;0;1130;7150;0,051933041;610
POL-11675;0,364605038;0;1330;9110;0,236896947;120
POL-11676;0,197656135;0;1550;4840;0,28878139;130
POL-11677;0,566061291;1;1260;3870;0,337134493;5850
POL-11678;0,212701478;0;1520;4330;0,182270095;270
POL-11679;0,317734824;0;1870;7250;0,133916197;720
POL-11680;0,454146483;1;1260;9480;0,309170735;4910
POL-11681;0,545266438;1;1580;8200;0,303318684;6950
POL-11682;0,60967073;1;1380;9070;0,237452963;3020
POL-11683;0,054064798;0;1460;2100;0,131944712;1010
POL-11684;0,458794919;0;1430;4830;0,322555278;820
POL-11685;0,279701358;0;1520;4260;0,103520401;1020
POL-11686;0,307277108;0;1500;7620;0,063093951;430
POL-11687;0,326231615;1;1230;6100;0,288985485;5020
POL-11688;0,107225266;0;1110;500;0,219097718;230
POL-11689;0,377063982;0;1360;8020;0,123940345;630
POL-11690;0,16405304;0;890;8840;0,251268699;500
POL-11691;0,093307353;0;1400;10520;0,280014957;520
POL-11692;0,429188519;0;1440;6830;0,303363785;350
POL-11693;0,439140441;1;1210;7740;0,134637805;3670
POL-11694;0,490717474;0;1260;4220;0,057676235;110
POL-11695;0,233750098;0;1480;3220;0,203011646;770
POL-11696;0,58735906;1;1440;8990;0,306823579;6740
POL-11697;0,273538611;0;1480;7590;0,112346401;940
POL-11698;0,533808924;1;1440;9000;0,176337642;3160
POL-11699;0,497765242;1;1280;5990;0,126926221;2320
POL-11700;0,196392323;0;1250;11240;0,054008795;870
POL-11701;0,206982816;0;1360;7130;0,319557229;930
POL-11702;0,309280785;0;1610;4990;0,090515968;740
POL-11703;0,646482357;1;1320;5860;0,280030135;5260
POL-11704;0,220167953;1;1580;3290;0,15398097;4690
POL-11705;0,328308011;0;740;4620;0,133304573;500
POL-11706;0,332529988;1;1330;5730;0,332308666;4070
POL-11707;0,214324898;0;1270;9600;0,247159846;810
POL-11708;0,572961886;1;830;6370;0,256076799;3700
POL-11709;0,205193811;0;870;8670;0,277895876;490
POL-11710;0,341379066;0;1370;6300;0,152280001;440
POL-11711;0,369654005;0;1280;4450;0,219099344;370
POL-11712;0,445741918;1;1450;7590;0,131067003;5460
POL-11713;0,32982409;0;600;4810;0,300362455;300
POL-11714;0,16970693;0;1520;5710;0,229792214;910
POL-11715;0,563401534;1;1520;10560;0,123022048;5780
POL-11716;0,010196306;0;900;7710;0,319927522;580
POL-11717;0,24975737;0;1600;4860;0,224252;850
POL-11718;0,281969374;0;1700;7960;0,198509151;160
POL-11719;0,402582543;1;920;4620;0,060346276;3270
POL-11720;0,195382939;0;1280;2990;0,322940602;80
POL-11721;0,399332123;0;1300;8680;0,335682175;770
POL-11722;0,320995797;0;800;7090;0,218779588;210
POL-11723;0,3994507;0;1170;6110;0,182754006;510
POL-11724;0,448843852;1;1600;3170;0,15786952;4260
POL-11725;0,378613943;0;1040;5870;0,130414395;480
POL-11726;0,46508483;1;1710;6880;0,222358801;6020
POL-11727;0,345489539;1;1340;4170;0,088428516;5660
POL-11728;0,164556679;0;1050;6580;0,325752082;310
POL-11729;0,136646419;0;1260;9600;0,102787621;510
POL-11730;0,367168863;0;880;6950;0,273653979;140
POL-11731;0,146652637;0;1360;7670;0,142066332;480
POL-11732;0,039596565;0;1200;5620;0,117821323;180
POL-11733;0,596797504;0;1140;4400;0,217360754;530
POL-11734;0,642956542;1;890;5380;0,279537494;3380
POL-11735;0,145320075;0;1230;8610;0,268021001;750
POL-11736;0,215199856;0;1300;6310;0,120126905;360
POL-11737;0,168134999;0;910;6100;0,149150705;220
POL-11738;0,358651512;0;1520;5490;0,310649655;560
POL-11739;0,161186212;0;1320;3960;0,266973123;220
POL-11740;0,198074963;0;1040;9230;0,263808172;190
POL-11741;0,423070135;1;1230;6080;0,130671523;5410
POL-11742;0,101688472;0;1460;5440;0,287601292;540
POL-11743;0,303986406;0;1590;6660;0,157525339;290
POL-11744;0,093204371;0;1650;5440;0,170417156;120
POL-11745;0,137668594;0;1700;7130;0,136268327;600
POL-11746;0,08085886;0;920;5130;0,086417074;490
POL-11747;0,263703992;0;1070;6750;0,176118069;300
POL-11748;0,299998996;0;900;6390;0,055081851;190
POL-11749;0,027983501;0;1520;10210;0,186773072;470
POL-11750;0,250414481;0;1210;10320;0,267501931;810
POL-11751;0,079013708;0;1570;8070;0,33822351;510
POL-11752;0,653907056;0;900;6320;0,073583943;200
POL-11753;0,450993949;0;1080;8110;0,134387211;450
POL-11754;0,332000832;0;1050;8040;0,198239315;610
POL-11755;0,460222857;0;1560;5560;0,101116385;100
POL-11756;0,221385738;0;1430;3200;0,085048557;590
POL-11757;0,419736976;1;740;2690;0,185695432;3550
POL-11758;0,142320109;0;1130;6260;0,224219159;210
POL-11759;0,256239534;0;1490;5490;0,296062318;970
POL-11760;0,127572847;0;1530;5410;0,349341027;650
POL-11761;0,753457172;1;1350;4890;0,282281234;2450
POL-11762;0,038261439;0;1300;4800;0,116402136;880
POL-11763;0,083856041;0;1020;7810;0,274393421;140
POL-11764;0,147266786;0;1520;440;0,211146087;810
POL-11765;0,522316948;1;950;7680;0,185242873;4570
POL-11766;0,240678206;1;850;5950;0,330718548;3520
POL-11767;0,163096982;0;1300;9380;0,260627776;70
POL-11768;0,393665375;0;1140;7030;0,254507922;450
POL-11769;0,731388703;1;1430;3030;0,053526789;6470
POL-11770;0,198025738;0;1370;2760;0,309521447;570
POL-11771;0,424264722;1;1680;4220;0,287990143;3540
POL-11772;0,45313611;0;1350;7030;0,139682563;530
POL-11773;0,161373873;0;1510;3070;0,137634024;690
POL-11774;0,084031411;0;1040;6720;0,066043538;120
POL-11775;0,173185311;0;1430;7900;0,065256927;160
POL-11776;0,348847244;1;1180;5440;0,250578354;2650
POL-11777;0,269333202;0;1130;4720;0,105871284;90
POL-11778;0,219096992;0;1020;2200;0,327064355;240
POL-11779;0,138444172;0;1640;9520;0,302721328;1080
POL-11780;0,146542782;0;1250;10150;0,154665548;440
POL-11781;0,341080195;0;1050;8940;0,164020566;510
POL-11782;0,226626617;0;1420;5950;0,148182968;280
POL-11783;0,248131864;0;1140;6390;0,077718474;260
POL-11784;0,011288887;0;1050;7870;0,059429047;400
POL-11785;0,179630426;0;1980;6790;0,185639948;920
POL-11786;0,518489674;1;950;270;0,332912034;2250
POL-11787;0,493922216;1;1720;8340;0,325174796;6580
POL-11788;0,467870913;0;1050;8940;0,292951622;120
POL-11789;0,444501001;0;1410;8640;0,238578478;410
POL-11790;0,279270765;0;1220;7400;0,306866722;250
POL-11791;0,459735829;1;1430;8420;0,204520555;4330
POL-11792;0,167648246;0;900;3670;0,10404804;340
POL-11793;0,490295154;1;870;6310;0,255251104;1920
POL-11794;0,190533244;0;1440;5160;0,326193811;340
POL-11795;0,428338656;1;800;9400;0,055881529;2330
POL-11796;0,384215583;0;960;6870;0,125433216;410
POL-11797;0,247038827;0;1230;6180;0,129631457;270
POL-11798;0,027577931;0;930;4460;0,079711862;210
POL-11799;0,5703076;1;960;4380;0,117648266;3990
POL-11800;0,362901627;0;1150;4240;0,165194623;720
POL-11801;0,27197952;0;700;7990;0,331950627;340
POL-11802;0,320622226;0;900;7700;0,308079731;300
POL-11803;0,068489353;0;1590;7000;0,333801867;870
POL-11804;0,14519656;0;1490;8080;0,086171533;980
POL-11805;0,4890694;1;1820;4890;0,058414538;5090
POL-11806;0,570799928;1;1400;2810;0,082964949;5410
POL-11807;0,122111882;0;1580;7870;0,32428869;950
POL-11808;0,319906593;1;1140;6390;0,097246592;3320
POL-11809;0,28647968;0;1200;8170;0,221791012;290
POL-11810;0,425447606;0;1350;7350;0,118274711;560
POL-11811;0,211067729;0;780;6350;0,056190627;180
POL-11812;0,411586053;0;1390;6910;0,075386403;200
POL-11813;0,449155867;1;1090;9320;0,262939107;4070
POL-11814;0,267931245;0;1140;5920;0,104709936;420
POL-11815;0,417668029;0;1500;7970;0,118741762;540
POL-11816;0,150108947;0;860;7120;0,16317695;110
POL-11817;0,471829176;0;1260;3150;0,247172468;480
POL-11818;0,088796666;0;1360;3870;0,190811718;720
POL-11819;0,467856107;0;1120;6420;0,333383065;240
POL-11820;0,468891563;0;1260;5500;0,180254657;370
POL-11821;0,348444069;0;1270;4600;0,109739276;210
POL-11822;0,264080582;0;1470;8640;0,210842852;410
POL-11823;0,183901667;0;1200;3510;0,185266885;730
POL-11824;0,41065612;0;940;6100;0,286141502;190
POL-11825;0,059614023;0;1110;4750;0,330536369;80
POL-11826;0,181627486;0;1160;9470;0,300888568;460
POL-11827;0,374570608;0;1050;11540;0,166711917;450
POL-11828;0,191352023;0;1300;5880;0,114834837;340
POL-11829;0,212145065;0;1290;8200;0,324346681;600
POL-11830;0,29396712;1;1270;9040;0,165781895;5480
POL-11831;0,277491192;0;1030;8300;0,281061987;280
POL-11832;0,085857876;0;1280;8080;0,346858202;180
POL-11833;0,23368255;0;1570;2950;0,223232804;310
POL-11834;0,331920209;0;1320;8850;0,193964141;390
POL-11835;0,430977571;1;1520;7220;0,259961235;4990
POL-11836;0,540527705;1;1280;6040;0,108179294;3710
POL-11837;0,362488588;1;1090;6340;0,196471922;4940
POL-11838;0,03054344;0;1470;7020;0,143699227;720
POL-11839;0,681042093;0;900;5990;0,099268361;280
POL-11840;0,375898403;0;1110;5790;0,233040965;180
POL-11841;0,212005159;0;1210;4540;0,222711826;250
POL-11842;0,238406195;0;1410;7520;0,27836108;730
POL-11843;0,345637221;1;1570;6180;0,311891037;3630
POL-11844;0,136516358;0;1460;4910;0,116112796;560
POL-11845;0,121646169;0;1440;6700;0,283910796;410
POL-11846;0,260090565;0;1470;6590;0,160215548;850
POL-11847;0,685298228;1;1500;7510;0,238641681;2920
POL-11848;0,403657314;0;970;6440;0,305072008;480
POL-11849;0,125868313;0;1800;7730;0,126855535;540
POL-11850;0,013665797;0;1530;5950;0,230288385;700
POL-11851;0,117032966;0;1200;6100;0,194095663;560
POL-11852;0,332791161;0;1340;7060;0,287173188;360
POL-11853;0,207576183;0;920;7270;0,25917239;570
POL-11854;0,459450735;0;1190;8920;0,280889551;820
POL-11855;0,14149213;0;1160;8600;0,136382939;300
POL-11856;0,254086577;0;1140;6410;0,261306888;650
POL-11857;0,506772158;0;1450;3680;0,231741762;540
POL-11858;0,137703923;0;1280;7870;0,187004137;450
POL-11859;0,179715217;0;950;7560;0,163503107;290
POL-11860;0,246421851;0;960;6930;0,149480009;230
POL-11861;0,316621337;0;760;8050;0,052902308;490
POL-11862;0,263497432;1;1470;5760;0,100867565;2980
POL-11863;0,062310941;0;1190;3310;0,067693464;400
POL-11864;0,134321062;0;1440;4750;0,304507263;780
POL-11865;0,219836484;0;2040;710;0,308026661;1050
POL-11866;0,206649813;0;1030;7390;0,303858001;230
POL-11867;0,4881465;1;1330;6370;0,295375929;6100
POL-11868;0,575870508;1;1610;8220;0,116399136;5980
POL-11869;0,509877255;1;1130;8010;0,197535852;2330
POL-11870;0,12310986;0;1170;5520;0,322353132;820
POL-11871;0,534056494;1;1380;4850;0,277934538;3000
POL-11872;0,300023364;0;1890;4920;0,050546086;760
POL-11873;0,203035998;1;1410;10330;0,187827973;6400
POL-11874;0,261023048;0;1040;6200;0,05320106;450
POL-11875;0,349149594;1;1070;5950;0,134198314;2490
POL-11876;0,544808127;1;1130;7080;0,180728732;3380
POL-11877;0,410529547;1;800;3330;0,317869788;3970
POL-11878;0,026592238;0;1210;5710;0,246315285;130
POL-11879;0,584619609;1;1250;4790;0,15874537;5090
POL-11880;0,048186079;0;1260;4370;0,197196471;330
POL-11881;0,361997618;0;890;5980;0,295216847;550
POL-11882;0,444521648;1;1340;6590;0,13989668;3600
POL-11883;0,415854715;0;1000;3990;0,234510433;340
POL-11884;0,088410674;0;1190;5770;0,128674065;800
POL-11885;0,471562523;0;1060;6660;0,193989031;400
POL-11886;0,336830604;0;1540;7400;0,057397551;210
POL-11887;0,194574928;0;1080;5950;0,305682596;260
POL-11888;0,150880054;0;1590;7160;0,064504649;730
POL-11889;0,340463935;0;1280;5800;0,11730815;70
POL-11890;0,3587216;0;1350;9060;0,150053564;920
POL-11891;0,085146468;0;1270;7590;0,237548335;530
POL-11892;0,369998073;1;1040;5160;0,26601004;2090
POL-11893;0,447971713;1;1350;5510;0,074135313;3510
POL-11894;0,076709305;0;1140;7280;0,063039646;770
POL-11895;0,416819857;0;1330;5450;0,289696966;580
POL-11896;0,464172051;1;1400;2640;0,26364996;5150
POL-11897;0,198974286;0;1730;7090;0,299465106;1050
POL-11898;0,639928882;1;1370;5730;0,25296148;4540
POL-11899;0,154788437;0;1490;7860;0,275303681;100
POL-11900;0,205947693;0;1420;6580;0,163711515;330
POL-11901;0,155732451;0;1190;7790;0,227055296;250
POL-11902;0,588884564;1;1420;11540;0,291617703;6530
POL-11903;0,233807018;1;1220;9060;0,10163526;2910
POL-11904;0,213270229;0;1150;5800;0,176846888;290
POL-11905;0,128618697;0;980;7350;0,272146931;270
POL-11906;0,536429955;0;1410;6740;0,209790972;160
POL-11907;0,157202088;1;1110;7040;0,254497236;2780
POL-11908;0,172732181;0;1410;3360;0,137860759;830
POL-11909;0,038914292;0;1250;8610;0,059702735;530
POL-11910;0,162724047;0;1180;1890;0,058743734;650
POL-11911;0,083648304;0;1030;6470;0,332834353;570
POL-11912;0,254551121;0;1580;2990;0,333362013;750
POL-11913;0,401586978;0;1150;5090;0,113384702;190
POL-11914;0,18866569;0;1650;6920;0,094239697;860
POL-11915;0,207667414;0;1050;8240;0,05544195;440
POL-11916;0,108101479;0;1630;8540;0,119377057;850
POL-11917;0,590260785;1;1270;6110;0,150305432;3420
POL-11918;0,525979629;1;1470;8480;0,12237279;5530
POL-11919;0,410889345;1;920;6370;0,289215242;2720
POL-11920;0,392234911;0;920;5080;0,27482915;390
POL-11921;0,111294037;0;1310;7250;0,074304243;780
POL-11922;0,347363901;0;1000;4670;0,259196482;300
POL-11923;0,329585822;0;1580;6230;0,206175536;400
POL-11924;0,359880433;0;1340;5540;0,089649832;510
POL-11925;0,033883747;0;1090;3400;0,271860629;470
POL-11926;0,162776309;0;1020;7160;0,07581367;200
POL-11927;0,106337352;0;1180;6790;0,1031452;580
POL-11928;0,155148785;0;1110;8800;0,094767944;630
POL-11929;0,192753983;0;1370;2760;0,331710021;580
POL-11930;0,280094858;0;1230;5070;0,259446801;480
POL-11931;0,351469571;0;1540;8760;0,173385779;370
POL-11932;0,522422092;1;1410;7560;0,296661245;4070
POL-11933;0,136412623;0;1030;7950;0,114787823;560
POL-11934;0,404616266;0;1140;9400;0,329327984;410
POL-11935;0,271632862;0;1030;4970;0,259099196;490
POL-11936;0,047355022;0;1030;4770;0,217874192;280
POL-11937;0,295352875;0;800;8210;0,288394535;70
POL-11938;0,501248339;1;1490;7770;0,243434294;5740
POL-11939;0,485850207;1;1570;6250;0,316132783;4640
POL-11940;0,219713531;0;1000;6190;0,298745798;380
POL-11941;0,253750453;0;980;4560;0,109349152;450
POL-11942;0,398589194;1;1390;9660;0,12189914;4880
POL-11943;0,364270293;0;1050;10550;0,069529224;410
POL-11944;0,3043079;0;1570;8730;0,116059675;170
POL-11945;0,18833113;0;1070;7810;0,153046659;590
POL-11946;0,452065828;0;720;7680;0,058648207;50
POL-11947;0,180893914;0;1220;7160;0,144488764;560
POL-11948;0,4439822;0;1100;2970;0,281463752;360
POL-11949;0,111522353;0;1290;5550;0,302098279;220
POL-11950;0,375599887;0;1160;8140;0,052661987;450
POL-11951;0,106696623;0;1390;4810;0,052144111;780
POL-11952;0,42801125;0;1360;6810;0,093892132;430
POL-11953;0,527690975;1;1330;8810;0,311773118;3650
POL-11954;0,273506524;0;1300;8850;0,190783415;190
POL-11955;0,368256554;1;1250;8370;0,344870623;3860
POL-11956;0,502057397;0;900;7070;0,31619944;530
POL-11957;0,473299165;1;1350;8100;0,317038434;3160
POL-11958;0,155497521;0;1430;6020;0,08854293;220
POL-11959;0,223323919;0;1340;9910;0,192568805;640
POL-11960;0,562648165;1;1200;3320;0,348077179;5350
POL-11961;0,260917248;0;1400;6640;0,094713269;830
POL-11962;0,365396732;0;1310;5560;0,222270036;850
POL-11963;0,200105295;0;1430;7860;0,153283998;630
POL-11964;0,279088297;0;1230;5820;0,166357442;770
POL-11965;0,584529306;1;890;11340;0,317237751;2040
POL-11966;0,218671593;0;1210;8330;0,226370771;240
POL-11967;0,273728018;0;1010;4500;0,277632917;260
POL-11968;0,235571973;0;1130;1170;0,251970319;620
POL-11969;0,448747296;0;1270;4220;0,208704707;460
POL-11970;0,341609546;1;1500;7620;0,28751336;5400
POL-11971;0,188536301;0;1420;5970;0,341219872;220
POL-11972;0,069727407;0;1300;5350;0,340045866;750
POL-11973;0,28700377;1;1560;5050;0,2868356;5770
POL-11974;0,42316234;0;1260;8160;0,196198927;340
POL-11975;0,254446311;0;1300;5840;0,098947688;270
POL-11976;0,366733146;1;1160;5630;0,063341153;3610
POL-11977;0,270972556;0;980;8490;0,119433491;160
POL-11978;0,401466788;1;1390;9620;0,1520774;3860
POL-11979;0,463428169;1;860;4270;0,088954885;3470
POL-11980;0,053294645;0;1020;8860;0,117429599;390
POL-11981;0,221666916;0;1290;6280;0,075063639;670
POL-11982;0,226613677;0;1040;8340;0,207103092;660
POL-11983;0,258406592;0;1250;7810;0,087895457;160
POL-11984;0,139082637;0;1290;6540;0,272830589;130
POL-11985;0,329747981;0;1110;6620;0,149794933;290
POL-11986;0,170043663;0;1260;7840;0,251618814;510
POL-11987;0,284772866;0;1260;4310;0,314755831;140
POL-11988;0,249800658;0;960;4210;0,075804963;490
POL-11989;0,115962068;0;1390;10660;0,346700236;570
POL-11990;0,207302588;0;740;8840;0,243573003;400
POL-11991;0,399917756;0;1720;8480;0,066009781;490
POL-11992;0,179359773;0;1380;6190;0,14420067;430
POL-11993;0,342753479;0;1510;3220;0,315873545;870
POL-11994;0,278221478;0;1420;5440;0,228870081;320
POL-11995;0,052350151;0;1240;7320;0,13616671;370
POL-11996;0,062150395;0;1060;8800;0,332148375;60
POL-11997;0,113912377;0;1240;7360;0,286175771;510
POL-11998;0,102295154;0;1460;7410;0,270661549;880
POL-11999;0,735224445;0;1040;6160;0,316528136;70
POL-12000;0,384773591;0;1290;7800;0,280933983;580
POL-12001;0,23154855;0;800;4680;0,136021506;480
POL-12002;0,237869199;0;1050;6750;0,225165823;390
POL-12003;0,204004191;0;1040;6040;0,30268585;260
POL-12004;0,419158536;0;1670;9390;0,104254432;1170
POL-12005;0,187979688;0;920;790;0,098906984;80
POL-12006;0,244324289;0;1350;6200;0,097692874;250
POL-12007;0,397080285;1;1650;7000;0,108276582;5070
POL-12008;0,220785318;0;1500;2790;0,080969245;360
POL-12009;0,077050423;0;1630;7980;0,301288706;950
POL-12010;0,551201676;1;1670;6240;0,295495466;6420
POL-12011;0,304632952;0;1260;4590;0,095410698;730
POL-12012;0,38810957;1;1370;8540;0,261661153;6820
POL-12013;0,382793898;0;1300;5010;0,238092668;460
POL-12014;0,42720346;1;1370;8120;0,13285828;3990
POL-12015;0,124332018;0;1360;6870;0,11821053;230
POL-12016;0,093299663;0;1680;5680;0,125175757;210
POL-12017;0,554932757;1;1320;4480;0,269189182;4540
POL-12018;0,322127731;1;1010;5070;0,14579512;3510
POL-12019;0,00647603;0;1400;8260;0,133387783;730
POL-12020;0,323901639;0;1430;8810;0,05674433;920
POL-12021;0,107052778;0;1040;7890;0,322470948;650
POL-12022;0,173791618;0;1030;6440;0,275811243;570
POL-12023;0,28335918;0;1490;7890;0,191835103;940
POL-12024;0,183793956;0;1120;7130;0,332878076;180
POL-12025;0,552444588;0;1150;5300;0,138059664;600
POL-12026;0,084852747;0;1130;4670;0,252411513;610
POL-12027;0,373096384;0;1310;5870;0,141545113;200
POL-12028;0,270184943;0;1530;5230;0,144371728;980
POL-12029;0,107328483;0;1420;6760;0,30341275;80
POL-12030;0,446110224;0;1130;9710;0,286106586;380
POL-12031;0,312639429;1;1580;7060;0,138232229;3470
POL-12032;0,074139781;0;1470;9440;0,074416855;570
POL-12033;0,375232315;1;1500;6500;0,157275242;3120
POL-12034;0,18307929;0;1490;6160;0,278017261;680
POL-12035;0,537293956;0;1120;3470;0,080163308;610
POL-12036;0,408323788;1;1020;7780;0,251630259;3860
POL-12037;0,301509418;0;1170;5190;0,316928978;610
POL-12038;0,268776664;0;1500;4780;0,103768147;170
POL-12039;0,543420609;1;960;4470;0,308661297;2170
POL-12040;0,22075029;0;920;7210;0,065409165;530
POL-12041;0,036451852;0;800;5340;0,250064077;380
POL-12042;0,300411123;0;940;9790;0,287311676;460
POL-12043;0,356983108;1;1050;8740;0,183429835;2240
POL-12044;0,172240873;0;1280;5430;0,111118608;330
POL-12045;0,207951182;0;960;1750;0,32741885;640
POL-12046;0,27088767;0;1420;6740;0,055990661;850
POL-12047;0,041947748;0;1260;5880;0,216521369;200
POL-12048;0,481935294;1;740;8280;0,161854823;2580
POL-12049;0,269600423;0;1250;6530;0,188317159;460
POL-12050;0,620824654;1;1290;8800;0,210969517;5440
POL-12051;0,468833559;0;1730;7490;0,210424587;620
POL-12052;0,254161989;0;1310;3950;0,111087099;610
POL-12053;0,138774256;0;810;5010;0,253910697;550
POL-12054;0,342785075;1;1310;5590;0,055744487;3860
POL-12055;0,458206024;1;1290;6160;0,056355228;3680
POL-12056;0,106406821;0;1400;5960;0,193546202;710
POL-12057;0,100932069;0;1910;7940;0,212570864;120
POL-12058;0,496989154;1;1120;7510;0,132466845;5050
POL-12059;0,350054522;1;1090;5660;0,21550266;4960
POL-12060;0,307194883;1;1370;7830;0,20483277;4620
POL-12061;0,229673421;0;1710;4160;0,154766166;1110
POL-12062;0,46288372;1;1420;7900;0,245532391;5170
POL-12063;0,157314885;0;1160;8240;0,337381165;280
POL-12064;0,153232324;0;1500;7050;0,197240808;400
POL-12065;0,126201729;0;1700;7550;0,285815228;720
POL-12066;0,149553568;0;1060;7810;0,124278969;240
POL-12067;0,225825719;0;1000;8600;0,278585178;640
POL-12068;0,794883909;1;1260;7980;0,244671786;5590
POL-12069;0,315244607;0;1330;8920;0,241909334;920
POL-12070;0,36853197;1;1600;3350;0,317910602;5180
POL-12071;0,141542329;0;1130;6760;0,120005076;190
POL-12072;0,361873768;0;1350;6410;0,160535035;520
POL-12073;0,238068371;0;1640;6800;0,074920237;1010
POL-12074;0,204205808;0;1310;8300;0,267835993;370
POL-12075;0,505004071;1;1150;6760;0,303160186;5650
POL-12076;0,419870786;0;1390;6680;0,171750051;450
POL-12077;0,18486734;0;1170;7430;0,157048046;710
POL-12078;0,34464332;0;1330;3490;0,247595557;310
POL-12079;0,555553604;1;1200;9610;0,072677138;2930
POL-12080;0,62065946;1;1210;6290;0,138152569;3320
POL-12081;0,332610929;0;1150;9450;0,15986384;220
POL-12082;0,465557801;0;1110;4790;0,205577085;360
POL-12083;0,387740421;0;1500;4680;0,192970766;400
POL-12084;0,283802717;0;1300;6040;0,112604127;730
POL-12085;0,18027771;0;1570;6570;0,212236362;840
POL-12086;0,360690321;0;690;5480;0,327760607;200
POL-12087;0,26174893;0;1120;4890;0,058126367;780
POL-12088;0,370946441;0;1060;7240;0,254091972;720
POL-12089;0,174630538;0;1190;9400;0,237412708;770
POL-12090;0,365636056;0;990;9820;0,327328086;430
POL-12091;0,155734606;0;850;5910;0,243603482;270
POL-12092;0,122727762;0;1420;4340;0,237452814;360
POL-12093;0,54118858;1;1100;5970;0,280941698;4540
POL-12094;0,333500884;1;1390;9920;0,130341785;3450
POL-12095;0,116057611;0;960;8560;0,228719679;390
POL-12096;0,282702556;0;840;7270;0,205826333;390
POL-12097;0,320244902;0;1310;5570;0,181541752;560
POL-12098;0,372788442;0;1410;8320;0,07384615;200
POL-12099;0,46293765;1;1100;11030;0,137788657;2620
POL-12100;0,306852377;0;1000;6210;0,133994514;280
POL-12101;0,163415785;0;1560;2560;0,267275287;600
POL-12102;0,11291657;0;1240;4450;0,326196841;360
POL-12103;0,291995934;0;1000;6630;0,119236167;60
POL-12104;0,391131658;0;880;6190;0,072387182;550
POL-12105;0,212019528;0;1080;9220;0,349987086;160
POL-12106;0,175917201;0;1150;5320;0,257361599;490
POL-12107;0,178166911;0;1440;6150;0,315941254;900
POL-12108;0,185009326;0;1250;5210;0,093163825;240
POL-12109;0,287222456;0;1220;8060;0,290230412;390
POL-12110;0,244077625;0;1020;4780;0,293997124;300
POL-12111;0,100390675;0;1600;6030;0,095446678;170
POL-12112;0,507084683;1;1490;3450;0,098421254;3540
POL-12113;0,457498672;0;1470;5440;0,138635365;530
POL-12114;0,202678011;0;1230;9830;0,115036234;80
POL-12115;0,270880593;0;1350;10050;0,342622972;500
POL-12116;0,123635658;0;610;7850;0,15888315;70
POL-12117;0,212609348;0;1300;7380;0,278391924;820
POL-12118;0,017791437;0;1730;5240;0,291515241;820
POL-12119;0,212669383;0;1100;6900;0,165782266;100
POL-12120;0,361773566;1;1000;6830;0,254775666;2730
POL-12121;0,229231784;0;1210;6530;0,082340042;340
POL-12122;0,238286078;0;1030;8110;0,169088615;200
POL-12123;0,439110624;0;1020;4610;0,340193198;220
POL-12124;0,324077489;1;1320;11620;0,100559196;2650
POL-12125;0,156357262;0;1460;9750;0,165713391;150
POL-12126;0,392207445;0;1320;4880;0,287156453;120
POL-12127;0,232706486;0;960;6720;0,249626976;440
POL-12128;0,602107207;1;1080;5300;0,23945558;4990
POL-12129;0,254752999;0;1330;7770;0,305977238;480
POL-12130;0,117570995;0;1410;6320;0,058728153;450
POL-12131;0,175866912;0;1200;2740;0,28134931;800
POL-12132;0,228540995;0;1030;4660;0,314764712;210
POL-12133;0,477152512;1;1440;9150;0,054852343;4630
POL-12134;0,201327667;0;1700;6060;0,217688885;1090
POL-12135;0,105061572;0;1530;6040;0,154576546;720
POL-12136;0,136854849;0;1750;7840;0,065228813;150
POL-12137;0,070343527;0;1090;8380;0,175324436;530
POL-12138;0,329560646;0;1510;6320;0,243209042;880
POL-12139;0,221022508;0;1570;2170;0,325704089;360
POL-12140;0,387163698;0;1130;4890;0,236159146;340
POL-12141;0,414760502;1;1040;2210;0,307022924;2800
POL-12142;0,25060604;0;1010;3700;0,086471452;470
POL-12143;0,474015346;0;1230;6650;0,11315635;590
POL-12144;0,057470115;0;870;6590;0,341087859;80
POL-12145;0,385481145;0;1670;9050;0,316220207;820
POL-12146;0,487125974;0;930;6430;0,120568086;440
POL-12147;0,262736566;0;1360;4740;0,236292165;100
POL-12148;0,188110101;0;680;8910;0,158789828;280
POL-12149;0,549119828;1;1760;10000;0,190579553;8510
POL-12150;0,144146434;0;1560;8330;0,308263445;510
POL-12151;0,286808844;0;850;6370;0,270713783;540
POL-12152;0,174212398;0;1330;5880;0,121532769;350
POL-12153;0,163498908;0;1190;4120;0,144797922;110
POL-12154;0,104121032;0;1290;4920;0,136913138;630
POL-12155;0,519476829;0;1410;5600;0,284198834;630
POL-12156;0,140958136;0;1050;3850;0,197026526;730
POL-12157;0,19427257;0;1240;5830;0,335217292;250
POL-12158;0,37066076;0;800;5940;0,295006153;250
POL-12159;0,267141763;0;1270;9050;0,113358329;440
POL-12160;0,181600504;0;740;3260;0,285782839;450
POL-12161;0,172539207;0;1580;6840;0,201823804;500
POL-12162;0,274584528;0;880;3780;0,126113038;490
POL-12163;0,18097732;0;1320;2590;0,158999523;200
POL-12164;0,391328309;1;1460;5510;0,341637835;6380
POL-12165;0,379265992;0;1720;6540;0,195188433;260
POL-12166;0,296525718;1;1690;9040;0,265881755;7050
POL-12167;0,352614758;0;1600;5960;0,193125589;260
POL-12168;0,193686544;0;1250;5420;0,161467182;400
POL-12169;0,268257814;1;1530;5100;0,288926005;3050
POL-12170;0,182156982;0;1320;5460;0,304497306;860
POL-12171;0,52618267;1;1340;-540;0,07156675;6610
POL-12172;0,124777548;0;1090;4860;0,133693277;740
POL-12173;0,250795636;0;1690;8100;0,202361314;130
POL-12174;0,285786411;0;1050;1590;0,144949324;170
POL-12175;0,262109064;0;980;5670;0,285074901;290
POL-12176;0,486972909;1;1350;5920;0,084420008;3630
POL-12177;0,216642158;0;800;7930;0,289339486;210
POL-12178;0,280608165;0;1280;6730;0,235365925;660
POL-12179;0,346637055;1;1660;7340;0,136810316;4080
POL-12180;0,294285947;0;1350;5010;0,153336407;590
POL-12181;0,311447501;0;1260;2980;0,104869747;390
POL-12182;0,167090865;0;1040;5440;0,12577202;400
POL-12183;0,104117266;0;870;6210;0,265180661;370
POL-12184;0,197085335;0;1470;8820;0,162765242;130
POL-12185;0,386842225;0;1260;3640;0,256245242;820
POL-12186;0,289465077;0;1410;10680;0,204232262;790
POL-12187;0,255550159;0;700;6850;0,093589325;240
POL-12188;0,224411114;0;1430;4980;0,199721194;580
POL-12189;0,600984247;1;1750;4870;0,276940954;7730
POL-12190;0,570592466;1;1590;6180;0,139302651;3550
POL-12191;0,256654497;0;1320;6360;0,244424499;430
POL-12192;0,083333356;0;990;6530;0,109709796;290
POL-12193;0,755933919;1;1280;7780;0,090709687;6270
POL-12194;0,819732814;1;1290;5180;0,158067839;2930
POL-12195;0,485444749;0;1130;6710;0,166761078;190
POL-12196;0,234684629;0;1150;5830;0,278302889;450
POL-12197;0,568709737;0;1770;9790;0,188023625;880
POL-12198;0,443643969;1;1010;2880;0,074370469;3590
POL-12199;0,274249817;0;1140;10790;0,24019985;460
POL-12200;0,314705749;0;1390;4730;0,190775978;340
POL-12201;0,116414802;0;1800;4330;0,14949296;980
POL-12202;0,464878345;0;1170;5910;0,290665643;420
POL-12203;0,430905884;0;800;6930;0,096315437;470
POL-12204;0,247247295;0;720;5770;0,323963703;220
POL-12205;0,097061419;0;1880;7690;0,150218447;1100
POL-12206;0,166673833;0;770;5600;0,188282433;400
POL-12207;0,135397317;0;1270;5210;0,328769899;750
POL-12208;0,393239784;0;870;4650;0,27837195;500
POL-12209;0,260101442;0;1050;9020;0,07229073;380
POL-12210;0,449376511;1;1090;7270;0,223489058;4130
POL-12211;0,074817416;0;760;4190;0,143108862;420
POL-12212;0,407915195;0;1550;5600;0,202546475;440
POL-12213;0,307335102;0;1360;3850;0,272890712;150
POL-12214;0,394767371;1;1140;11950;0,198851874;5390
POL-12215;0,151208442;0;1110;6870;0,071306563;340
POL-12216;0,251066296;0;1520;2520;0,208994156;210
POL-12217;0,214989062;0;1270;3780;0,0572389;600
POL-12218;0,464802462;0;1770;4000;0,154522807;1110
POL-12219;0,07971573;0;1140;7090;0,193409157;690
POL-12220;0,108587698;0;1360;3100;0,243402069;560
POL-12221;0,119740625;0;940;3770;0,201862036;100
POL-12222;0,109521863;0;1140;6000;0,095584043;570
POL-12223;0,120186715;0;1510;6330;0,329665269;670
POL-12224;0,248889345;0;1540;5390;0,245089902;290
POL-12225;0,328664821;1;1710;5670;0,145090336;3570
POL-12226;0,092199965;0;1360;3630;0,339781909;140
POL-12227;0,241999115;1;1560;7390;0,314773283;3190
POL-12228;0,303104261;0;1410;2500;0,093047027;160
POL-12229;0,403005837;1;1150;6170;0,246628729;3770
POL-12230;0,050600471;0;870;10060;0,218020836;60
POL-12231;0,344893186;0;1190;5770;0,107842677;390
POL-12232;0,303547413;0;960;3700;0,120042542;590
POL-12233;0,2388662;0;1510;6270;0,219132132;320
POL-12234;0,170938968;0;1530;5880;0,146386485;180
POL-12235;0,108073235;0;1000;6870;0,300449429;130
POL-12236;0,072126211;0;1530;6840;0,079321771;480
POL-12237;0,38813671;0;950;8420;0,324209232;310
POL-12238;0,087311421;0;1610;5500;0,302165765;830
POL-12239;0,116974916;0;1210;4830;0,271587045;250
POL-12240;0,322453169;1;1360;4880;0,128770175;2870
POL-12241;0,026861395;0;1610;5190;0,264487357;1130
POL-12242;0,268871491;0;1400;7070;0,181630934;860
POL-12243;0,195231496;0;1220;3730;0,240127369;570
POL-12244;0,304562431;1;1470;4610;0,143766325;6290
POL-12245;0,149707056;0;1010;6600;0,300757356;700
POL-12246;0,227930037;0;770;8910;0,06217283;320
POL-12247;0,32845547;0;1540;4730;0,257437924;350
POL-12248;0,514405203;0;920;7200;0,298589372;590
POL-12249;0,181207061;0;1480;6080;0,243928435;890
POL-12250;0,172727477;0;1290;7510;0,107597535;140
POL-12251;0,109197959;0;1250;6620;0,135494234;820
POL-12252;0,231196379;1;1010;6550;0,204471588;2160
POL-12253;0,431111692;1;1140;11610;0,148834721;3640
POL-12254;0,363209754;0;1250;12360;0,051474927;340
POL-12255;0,343786885;0;1300;5970;0,062203434;340
POL-12256;0,408722444;0;1020;4670;0,280330529;390
POL-12257;0,179088365;0;1440;6980;0,075112155;610
POL-12258;0,018022173;0;1450;7710;0,328406557;470
POL-12259;0,164467201;0;1370;9140;0,182820934;440
POL-12260;0,390318915;0;1140;2010;0,277455992;600
POL-12261;0,130436531;0;1460;5680;0,087651379;80
POL-12262;0,40739828;0;1410;5480;0,327952226;940
POL-12263;0,250650583;1;760;4890;0,060142649;2210
POL-12264;0,287925595;0;1300;3510;0,062641148;660
POL-12265;0,401616393;0;1730;6050;0,066375734;560
POL-12266;0,201473422;0;1490;7910;0,081022448;1010
POL-12267;0,571115365;1;1540;4010;0,196049493;6360
POL-12268;0,25267676;0;1070;6680;0,286482933;110
POL-12269;0,558844381;1;1280;7340;0,135484349;3090
POL-12270;0,296220894;0;1200;9790;0,273733047;640
POL-12271;0,173755339;0;1250;7770;0,282218292;280
POL-12272;0,374018063;0;1120;6330;0,322483199;490
POL-12273;0,302367334;0;940;7120;0,094805576;370
POL-12274;0,094759425;0;1270;8030;0,090660353;500
POL-12275;0,495636504;1;1050;6740;0,086628517;2310
POL-12276;0,34285435;0;1400;8070;0,157793183;970
POL-12277;0,525417175;0;1240;5840;0,196823799;860
POL-12278;0,296433315;0;770;8900;0,188482807;530
POL-12279;0,150496577;0;1600;5480;0,127114619;650
POL-12280;0,305099351;0;1360;5130;0,236593888;350
POL-12281;0,303417537;0;1140;5560;0,151482089;470
POL-12282;0,176676606;0;1170;4560;0,159824896;530
POL-12283;0,195771997;0;940;8010;0,081659019;240
POL-12284;0,242388203;0;1230;3360;0,227669401;570
POL-12285;0,524259383;1;1420;5630;0,246584113;6370
POL-12286;0,051005661;0;1690;7150;0,277385066;1080
POL-12287;0,216269787;0;1230;6520;0,321202764;250
POL-12288;0,525976401;1;1260;6420;0,279801337;5080
POL-12289;0,093505549;0;1550;6210;0,1207231;530
POL-12290;0,794805817;1;960;6830;0,120696548;4700
POL-12291;0,401655333;0;1290;4490;0,324526159;330
POL-12292;0,121385553;0;1060;5540;0,287040071;90
POL-12293;0,298310634;0;1280;5980;0,284673929;330
POL-12294;0,164953079;0;1480;7410;0,265914098;140
POL-12295;0,152938209;0;840;8390;0,130160597;550
POL-12296;0,311191618;1;1530;6240;0,304223103;3620
POL-12297;0,039912409;0;1340;7970;0,092865403;780
POL-12298;0,053659208;0;1280;6680;0,155005283;820
POL-12299;0,318214268;0;1590;6360;0,153942362;560
POL-12300;0,180757974;0;1050;8070;0,218039643;90
POL-12301;0,364055709;0;920;3600;0,189033067;400
POL-12302;0,260879912;0;990;7380;0,18794244;200
POL-12303;0,15596354;1;1380;5130;0,216071729;2630
POL-12304;0,378519344;0;1130;8580;0,174625536;470
POL-12305;0,302337746;0;1030;5180;0,124994969;290
POL-12306;0,767242989;1;1010;5880;0,249236215;4310
POL-12307;0,185546736;0;1290;3370;0,287190014;560
POL-12308;0,096307522;0;1240;7230;0,193698764;730
POL-12309;0,476004302;1;900;5660;0,244844956;3400
POL-12310;0,228941357;0;900;5430;0,210608985;180
POL-12311;0,111519942;0;1120;6550;0,067698932;470
POL-12312;0,311985989;0;1480;3160;0,176925398;920
POL-12313;0,291609038;0;1140;5110;0,05295575;660
POL-12314;0,253686659;0;880;6130;0,248563783;430
POL-12315;0,362379856;1;1230;9430;0,202448441;5220
POL-12316;0,184665329;0;1260;6870;0,088049461;580
POL-12317;0,464443206;0;880;7290;0,21265746;170
POL-12318;0,335616265;0;950;6620;0,319527801;420
POL-12319;0,104436556;0;1440;13320;0,152147229;530
POL-12320;0,370691531;0;940;8300;0,34471063;280
POL-12321;0,205925133;0;1450;2430;0,337813972;910
POL-12322;0,773960456;1;860;6940;0,285592953;1800
POL-12323;0,176459069;0;870;8680;0,294139993;90
POL-12324;0,108612006;0;1260;3600;0,173163608;870
POL-12325;0,161340391;0;1060;6710;0,170762329;210
POL-12326;0,223894356;0;1120;5420;0,336319207;210
POL-12327;0,227444273;0;1290;4790;0,159858875;860
POL-12328;0,360445842;0;1110;9170;0,079061867;380
POL-12329;0,068011291;0;1010;5170;0,095810326;580
POL-12330;0,130863734;0;1370;5190;0,26311969;330
POL-12331;0,269167284;1;1300;4700;0,164894281;6250
POL-12332;0,090623213;0;1260;4320;0,109802852;740
POL-12333;0,385811108;0;1250;5410;0,294135839;480
POL-12334;0,134620237;0;1050;5310;0,196602047;530
POL-12335;0,181760799;0;1000;4120;0,220292361;680
POL-12336;0,086715005;0;1160;6450;0,096184806;400
POL-12337;0,079777979;0;1050;1440;0,10782626;390
POL-12338;0,466711355;0;1250;6700;0,087756811;650
POL-12339;0,234626178;0;1150;8450;0,20436284;350
POL-12340;0,150909426;0;1250;5440;0,282697104;840
POL-12341;0,401185006;0;1230;7210;0,269685573;90
POL-12342;0,736205891;1;1690;5990;0,128369246;7520
POL-12343;0,218447177;0;900;11200;0,305465056;460
POL-12344;0,469926749;1;1200;8450;0,081698254;3140
POL-12345;0,434915508;0;970;4770;0,084214991;210
POL-12346;0,299463908;0;1130;9080;0,304791285;360
POL-12347;0,239706118;0;1050;11320;0,123325868;650
POL-12348;0,664582652;1;1410;6070;0,262434753;3360
POL-12349;0,100001394;0;880;7470;0,052723878;240
POL-12350;0,526087129;1;1450;8530;0,078080327;5350
POL-12351;0,21646972;0;1380;4260;0,232786613;620
POL-12352;0,18390931;0;1760;2830;0,104724786;730
POL-12353;0,083575149;0;1700;6820;0,058464106;520
POL-12354;0,212765194;0;1050;4860;0,190084027;100
POL-12355;0,091736658;0;1560;6060;0,14915615;710
POL-12356;0,469934474;1;1170;8550;0,290677078;5500
POL-12357;0,25934278;0;1330;7630;0,295648697;440
POL-12358;0,379237433;0;1680;7620;0,234326936;340
POL-12359;0,21929833;1;1060;6240;0,137910124;4880
POL-12360;0,358658988;0;1260;5210;0,188487995;710
POL-12361;0,146340031;0;760;5080;0,260676808;270
POL-12362;0,187142943;0;1470;9990;0,070792566;180
POL-12363;0,127243512;0;1780;11010;0,149749126;140
POL-12364;0,387302669;0;1390;8660;0,29671091;270
POL-12365;0,168203904;0;1590;5940;0,171808563;580
POL-12366;0,382201184;1;1540;4270;0,237400403;5770
POL-12367;0,020898412;0;1070;11940;0,078900311;150
POL-12368;0,555759771;1;1330;7410;0,283113793;4680
POL-12369;0,22394141;0;1370;7360;0,080139647;130
POL-12370;0,372544156;0;960;5300;0,308457576;70
POL-12371;0,020984055;0;1610;7880;0,081980313;980
POL-12372;0,050592589;0;1120;6080;0,317267829;540
POL-12373;0,794536371;1;1200;4390;0,159130962;2910
POL-12374;0,178172514;0;1180;5820;0,23735922;200
POL-12375;0,531012953;1;1260;7310;0,303965165;5640
POL-12376;0,137303715;0;1980;9570;0,053072426;670
POL-12377;0,275340935;0;1100;3350;0,129707948;530
POL-12378;0,254664981;0;860;4020;0,322501496;340
POL-12379;0,142707004;0;1290;5650;0,166452818;530
POL-12380;0,239369372;0;1030;4630;0,261912778;160
POL-12381;0,099047496;0;1150;6510;0,092003617;410
POL-12382;0,596103983;1;1400;5520;0,25351148;3730
POL-12383;0,273845194;0;980;6750;0,071948299;370
POL-12384;0,239438431;0;1160;6830;0,265197542;210
POL-12385;0,095921994;0;1320;3790;0,147141486;420
POL-12386;0,312083956;0;1060;6080;0,189754297;570
POL-12387;0,091315341;0;1240;4900;0,099878054;170
POL-12388;0,098179011;0;1320;8780;0,238354705;560
POL-12389;0,140693406;0;1220;5140;0,151270289;830
POL-12390;0,036471022;0;1290;5510;0,165012502;380
POL-12391;0,09036713;0;1340;4680;0,245657877;110
POL-12392;0,275121073;0;1080;6440;0,103658498;500
POL-12393;0,293322413;0;880;6200;0,305602668;70
POL-12394;0,097938663;0;990;9460;0,271785922;170
POL-12395;0,354029352;0;950;6440;0,223319001;80
POL-12396;0,392733459;0;1560;9190;0,08849992;250
POL-12397;0,421106972;1;820;9580;0,256132908;2680
POL-12398;0,467208933;0;1410;5790;0,055429812;740
POL-12399;0,209199362;0;1080;6150;0,29131874;290
POL-12400;0,167095377;0;1510;5350;0,141139309;960
POL-12401;0,241350624;0;1140;4040;0,085163465;550
POL-12402;0,297079463;0;1260;11220;0,099346686;430
POL-12403;0,413202112;0;1380;5360;0,33894032;130
POL-12404;0,058456217;0;1560;4700;0,282149125;820
POL-12405;0,316994216;0;1110;4380;0,121361592;330
POL-12406;0,216348441;0;1100;5250;0,339039873;270
POL-12407;0,240931555;0;1380;5890;0,092035301;330
POL-12408;0,23130285;0;850;8990;0,270058164;50
POL-12409;0,145692344;0;820;10130;0,247021888;440
POL-12410;0,288155755;1;1340;2340;0,296443032;5920
POL-12411;0,316166979;0;1420;9680;0,164509616;550
POL-12412;0,30582044;0;1330;9860;0,170550637;80
POL-12413;0,179076725;0;1230;5260;0,237370106;560
POL-12414;0,206114167;0;1120;4680;0,169461727;320
POL-12415;0,042377391;0;1650;7540;0,062405268;760
POL-12416;0,137372627;0;1680;5220;0,26891241;180
POL-12417;0,073293223;0;1280;9500;0,242283819;290
POL-12418;0,409509672;1;1080;7480;0,177113844;4630
POL-12419;0,163715368;0;1000;4990;0,140848868;470
POL-12420;0,28672436;0;1360;7080;0,146217751;160
POL-12421;0,250481542;0;940;6640;0,272308587;420
POL-12422;0,226345441;0;950;2660;0,268748264;130
POL-12423;0,097876761;0;1130;4530;0,295675526;750
POL-12424;0,193273462;0;1380;5180;0,278654128;440
POL-12425;0,477434014;1;1620;7260;0,277383261;3080
POL-12426;0,402204327;1;1310;7630;0,12553197;2440
POL-12427;0,526643701;1;1370;8910;0,080483766;6580
POL-12428;0,561857184;0;1500;5090;0,27852568;940
POL-12429;0,238837796;0;1470;3540;0,079585406;210
POL-12430;0,3888029;0;1110;4810;0,344633422;630
POL-12431;0,196786831;0;1470;5090;0,31252678;470
POL-12432;0,268287589;0;1510;4900;0,210038481;860
POL-12433;0,28175608;0;1330;6460;0,15565507;820
POL-12434;0,389670792;1;1280;7900;0,208052911;3360
POL-12435;0,46423927;0;1400;5680;0,27029055;130
POL-12436;0,246243419;0;1370;7500;0,276898994;780
POL-12437;0,283900992;0;780;8440;0,0720998;70
POL-12438;0,232284201;0;1360;6480;0,291456228;350
POL-12439;0,278969834;0;1540;4230;0,242449125;720
POL-12440;0,262665739;0;1500;5940;0,062173884;510
POL-12441;0,35492032;0;1340;8540;0,143948362;560
POL-12442;0,135803588;0;1290;7760;0,203192411;870
POL-12443;0,16261433;0;1150;4370;0,106535448;670
POL-12444;0,436236637;0;1220;8850;0,096572159;350
POL-12445;0,328858033;0;1430;5840;0,054284349;630
POL-12446;0,193632628;0;1350;4350;0,32346519;110
POL-12447;0,584036455;1;1480;6440;0,066832387;3700
POL-12448;0,035345615;0;1120;3450;0,159803426;500
POL-12449;0,256816035;0;1520;7800;0,111731491;780
POL-12450;0,242844044;0;1100;8790;0,272309931;700
POL-12451;0,450601676;0;1300;4500;0,262155397;300
POL-12452;0,201202553;0;1110;6160;0,291866724;710
POL-12453;0,24203679;0;1230;8240;0,23504249;590
POL-12454;0,277706725;0;1760;3840;0,227495948;180
POL-12455;0,114592275;0;1380;4060;0,172133215;410
POL-12456;0,295807651;0;1310;6030;0,24090761;470
POL-12457;0,271411995;0;1600;5940;0,084561675;450
POL-12458;0,481690596;1;610;6600;0,255353855;2340
POL-12459;0,685045307;1;1210;6290;0,081169327;4530
POL-12460;0,477041259;1;1130;3840;0,308521971;3280
POL-12461;0,226199958;0;1040;3270;0,201704842;670
POL-12462;0,108158753;0;870;3860;0,209107071;530
POL-12463;0,162655568;0;1200;7510;0,225457281;430
POL-12464;0,176448925;0;1420;8400;0,28281575;130
POL-12465;0,104903393;0;1210;6320;0,193541186;490
POL-12466;0,452980331;1;1450;7920;0,178276422;6230
POL-12467;0,395166607;1;1270;5280;0,136500037;3520
POL-12468;0,250295834;0;1540;5770;0,088411805;140
POL-12469;0,236361949;0;1120;8350;0,107102762;560
POL-12470;0,360978057;1;780;7430;0,050158353;3350
POL-12471;0,30034159;0;850;6850;0,310826494;140
POL-12472;0,213992506;0;1130;6210;0,279487518;150
POL-12473;0,218867648;0;1030;4180;0,115604729;520
POL-12474;0,442615393;1;1100;6670;0,050717027;3500
POL-12475;0,15350103;0;1530;7120;0,197634891;1070
POL-12476;0,443365421;1;870;10920;0,17377196;3470
POL-12477;0,325335072;0;1630;6340;0,282801986;680
POL-12478;0,565655941;1;1050;5760;0,170868652;3050
POL-12479;0,220239729;0;940;7060;0,309233842;140
POL-12480;0,104456626;0;1220;9400;0,078751469;770
POL-12481;0,314981285;0;1620;7200;0,159757426;560
POL-12482;0,135573126;0;1070;6140;0,33018227;420
POL-12483;0,130555751;0;1100;4930;0,053518887;680
POL-12484;0,544753722;1;1120;4830;0,167236827;4250
POL-12485;0,458297035;0;1540;8060;0,127910978;570
POL-12486;0,251373322;0;1140;5920;0,209558217;520
POL-12487;0,289665149;0;1360;10510;0,13363004;210
POL-12488;0,279209964;0;1280;6670;0,310972414;120
POL-12489;0,362797255;0;1220;7480;0,331141476;490
POL-12490;0,215615933;0;1130;5390;0,304740289;460
POL-12491;0,013998007;0;1740;4860;0,169570354;460
POL-12492;0,08292415;0;1950;8030;0,34698013;1220
POL-12493;0,174813058;0;1030;8890;0,270510895;250
POL-12494;0,214387408;0;980;4510;0,156682681;380
POL-12495;0,382966578;0;1260;5030;0,078107846;220
POL-12496;0,482518847;1;680;5180;0,250113925;2420
POL-12497;0,172124755;0;1260;7850;0,268570233;410
POL-12498;0,268914608;0;1750;7220;0,08673774;690
POL-12499;0,379337008;0;1100;6300;0,214920906;600
POL-12500;0,171922419;0;1520;4940;0,346126395;520
POL-12501;0,463790777;1;1620;9720;0,147872631;5410
POL-12502;0,076728854;0;1030;8460;0,140568507;460
POL-12503;0,24571857;0;1290;2510;0,32099065;380
POL-12504;0,24469616;0;1340;8210;0,085224813;270
POL-12505;0,37272942;0;1430;5920;0,330058251;920
POL-12506;0,111658267;0;1450;5300;0,283846118;580
POL-12507;0,465769905;0;1530;8030;0,167252123;280
POL-12508;0,402868891;0;1050;7200;0,075064286;510
POL-12509;0,251148303;0;1290;6680;0,055752362;740
POL-12510;0,217858463;0;1620;4700;0,162749359;880
POL-12511;0,362021189;0;1650;8530;0,261606075;730
POL-12512;0,409105853;1;1310;4030;0,196258764;2600
POL-12513;0,430126632;0;1120;8050;0,271595568;620
POL-12514;0,170458477;0;1510;6680;0,251171255;770
POL-12515;0,148618092;0;1380;6430;0,221872157;580
POL-12516;0,147714722;0;1380;5400;0,340249724;660
POL-12517;0,445681555;1;1440;6830;0,26851533;5220
POL-12518;0,250988215;0;1010;3750;0,324384035;60
POL-12519;0,12367697;0;1460;8970;0,122648169;960
POL-12520;0,383828877;0;1290;5690;0,264091888;850
POL-12521;0,397271003;1;1540;5120;0,229340859;6400
POL-12522;0,218913891;0;1260;6110;0,327288829;370
POL-12523;0,094875967;0;1400;5750;0,203135905;210
POL-12524;0,736929008;1;1360;8990;0,133892414;3330
POL-12525;0,235898848;0;1110;3030;0,165451688;580
POL-12526;0,358539137;0;1020;6350;0,115648942;270
POL-12527;0,225833432;0;1450;9670;0,1159919;820
POL-12528;0,152269846;0;1040;6640;0,191126476;510
POL-12529;0,328460532;0;1170;6880;0,317770651;540
POL-12530;0,119477586;0;1160;6440;0,107560803;760
POL-12531;0,372688003;0;1340;5200;0,136361004;850
POL-12532;0,585683847;1;1420;7580;0,305896438;4340
POL-12533;0,203065931;0;860;6120;0,151776883;150
POL-12534;0,187307931;0;1070;6780;0,338724021;710
POL-12535;0,133614754;0;1060;7600;0,130676083;210
POL-12536;0,193124842;0;1190;7380;0,182643027;350
POL-12537;0,219872059;0;750;6690;0,078682982;440
POL-12538;0,45939991;0;1530;8300;0,347652739;280
POL-12539;0,33203123;1;1270;8520;0,317042613;3250
POL-12540;0,43539737;1;1220;8070;0,295268676;5000
POL-12541;0,196052503;0;1440;8610;0,097202741;660
POL-12542;0,313981155;0;1380;9210;0,340807417;930
POL-12543;0,298722916;0;1380;4090;0,328745386;790
POL-12544;0,03836525;0;1250;12020;0,180701433;300
POL-12545;0,043945971;0;1280;6810;0,254491109;110
POL-12546;0,049594845;0;1460;6010;0,347737528;990
POL-12547;0,239563651;0;1380;6840;0,172923566;590
POL-12548;0,406245979;0;1680;3550;0,083913707;270
POL-12549;0,145020416;0;1290;6970;0,31033371;590
POL-12550;0,091081762;0;1410;4910;0,192945536;110
POL-12551;0,177268579;0;1220;6650;0,346090837;210
POL-12552;0,25682828;0;1330;6790;0,215267858;610
POL-12553;0,135230637;0;1340;5310;0,058843281;420
POL-12554;0,104322705;0;1140;2890;0,197518089;300
POL-12555;0,09870752;0;1090;7050;0,265418639;520
POL-12556;0,679900919;1;1410;6500;0,057809008;4390
POL-12557;0,08161595;0;1360;6880;0,174034614;670
POL-12558;0,346151318;0;1620;5660;0,09666806;570
POL-12559;0,669742415;1;1250;5190;0,242929046;5380
POL-12560;0,447071692;1;1000;6070;0,337203755;2280
POL-12561;0,104032153;0;1250;6780;0,237375471;690
POL-12562;0,5785044;1;1440;7850;0,258463312;3430
POL-12563;0,085452572;0;720;4880;0,16896887;90
POL-12564;0,174132074;0;1250;8080;0,218942261;620
POL-12565;0,21998948;0;1420;7810;0,213157313;180
POL-12566;0,111563422;0;1310;7540;0,277881904;460
POL-12567;0,290897892;0;1160;10160;0,307073494;230
POL-12568;0,147600084;0;950;2980;0,248865783;250
POL-12569;0,667142438;1;1250;10400;0,343942641;5890
POL-12570;0,208061787;0;940;5190;0,298486518;590
POL-12571;0,402974047;0;1420;6980;0,087394025;700
POL-12572;0,577879087;1;1270;6590;0,20224262;4030
POL-12573;0,350962552;0;1620;3820;0,320970824;1010
POL-12574;0,658643573;1;760;7560;0,333180461;2820
POL-12575;0,437163605;1;1170;8230;0,164061782;3060
POL-12576;0,319197811;0;1430;7340;0,267711218;560
POL-12577;0,230576355;0;1540;3550;0,173163645;270
POL-12578;0,069514252;0;1440;4020;0,087097917;420
POL-12579;0,244436716;0;1010;5110;0,315383391;580
POL-12580;0,131257249;0;1130;9050;0,329585937;540
POL-12581;0,497781325;0;690;6690;0,201425159;250
POL-12582;0,130810482;0;1260;2500;0,055492229;250
POL-12583;0,28296131;0;1540;10630;0,294810875;360
POL-12584;0,393257164;1;1250;9500;0,19308811;3220
POL-12585;0,118152156;0;1390;4330;0,072508507;380
POL-12586;0,292178189;0;1390;5680;0,106817445;630
POL-12587;0,183601976;0;1170;5930;0,095635802;440
POL-12588;0,361069522;1;640;7550;0,25588366;1610
POL-12589;0,087316203;0;1590;6900;0,139822848;1060
POL-12590;0,657572621;1;1360;5140;0,088307155;6480
POL-12591;0,313842726;0;940;9120;0,325294648;450
POL-12592;0,590810428;1;1340;9990;0,336959318;3140
POL-12593;0,448680287;0;1300;6400;0,091572762;700
POL-12594;0,162201282;0;1580;5350;0,119070756;910
POL-12595;0,40967806;0;1370;9690;0,227636216;730
POL-12596;0,535671425;0;1370;2110;0,095152355;470
POL-12597;0,470720909;1;1300;4710;0,097577508;5370
POL-12598;0,307628561;0;1060;8460;0,150972813;680
POL-12599;0,149780838;0;1420;9280;0,3347511;470
POL-12600;0,375623527;1;1240;5860;0,338732659;2330
POL-12601;0,358583346;1;1010;11060;0,302536475;3540
POL-12602;0,203676098;0;1090;1610;0,258713875;250
POL-12603;0,111206224;1;970;8690;0,26620201;4300
POL-12604;0,324652849;0;1510;6670;0,190871853;330
POL-12605;0,134099678;0;1740;5530;0,209046388;1040
POL-12606;0,203915257;0;1540;8260;0,240335798;620
POL-12607;0,38907027;0;1340;5720;0,269385991;810
POL-12608;0,127757029;0;1230;4330;0,079053852;660
POL-12609;0,083647506;0;1180;6730;0,117466103;330
POL-12610;0,059532128;0;1000;6390;0,338882957;170
POL-12611;0,34894006;0;1740;4940;0,15054268;730
POL-12612;0,36049302;0;990;5350;0,130542263;650
POL-12613;0,212576896;0;1040;5670;0,176573394;620
POL-12614;0,450077987;1;1200;3250;0,137276225;3690
POL-12615;0,231811752;0;1220;3120;0,077354058;670
POL-12616;0,238520228;0;1400;8370;0,11238834;550
POL-12617;0,214169028;0;1080;3650;0,242047939;170
POL-12618;0,057443307;0;750;6460;0,116954767;180
POL-12619;0,17230284;0;1190;2760;0,244300159;510
POL-12620;0,060337734;0;1210;9510;0,080024268;310
POL-12621;0,184710345;0;1190;5960;0,062562905;660
POL-12622;0,401355025;0;1190;8740;0,308470305;350
POL-12623;0,045830822;0;1160;10730;0,278007859;140
POL-12624;0,175274526;0;920;3920;0,249808305;510
POL-12625;0,173448512;0;1620;5140;0,05926977;820
POL-12626;0,374322;1;1600;8240;0,121806181;6400
POL-12627;0,141639484;0;1600;5230;0,293694298;1100
POL-12628;0,428979741;1;950;7080;0,0934003;1820
POL-12629;0,151738065;0;1350;6710;0,293856032;660
POL-12630;0,441391035;1;1140;1810;0,225270065;3340
POL-12631;0,409680917;0;1130;8390;0,27211051;170
POL-12632;0,269768148;0;1020;6230;0,243352124;630
POL-12633;0,225092175;0;1890;4110;0,175096874;960
POL-12634;0,088866843;0;1190;9590;0,137593205;190
POL-12635;0,272374656;0;1020;5090;0,251818754;490
POL-12636;0,443081442;1;1280;4980;0,292073865;6340
POL-12637;0,1089684;0;1440;2900;0,063419791;820
POL-12638;0,449791292;0;1210;7690;0,16397268;660
POL-12639;0,48994523;1;1310;6580;0,155218935;6100
POL-12640;0,141025864;0;1500;3020;0,217841252;260
POL-12641;0,268106013;0;1010;6990;0,084177517;410
POL-12642;0,62298702;1;1290;8160;0,330025823;4520
POL-12643;0,174351065;0;1090;7420;0,214553081;720
POL-12644;0,420851249;1;1060;9150;0,327125841;4320
POL-12645;0,140362424;0;1690;5290;0,295082277;420
POL-12646;0,23853588;0;1230;10040;0,107491659;210
POL-12647;0,156962708;0;980;6510;0,089701704;80
POL-12648;0,227842456;0;1220;8100;0,308375072;120
POL-12649;0,378794261;1;950;9060;0,210830067;2430
POL-12650;0,266789267;0;1200;11800;0,055922824;200
POL-12651;0,270735896;1;1080;4340;0,330268025;2810
POL-12652;0,140466123;0;1380;5020;0,19190852;600
POL-12653;0,557303171;1;1730;6880;0,140280891;6170
POL-12654;0,545751029;1;1210;5760;0,204979361;2270
POL-12655;0,36535453;1;1090;4900;0,296875517;3390
POL-12656;0,670862986;1;1270;3450;0,083087821;5340
POL-12657;0,395207417;0;1620;6750;0,157679871;1120
POL-12658;0,030789867;0;1380;8090;0,145660002;780
POL-12659;0,093306268;0;1210;7200;0,301894856;530
POL-12660;0,17707673;0;730;3240;0,283540183;320
POL-12661;0,379349163;0;1240;3290;0,17003121;260
POL-12662;0,06868078;0;1440;6620;0,249346493;760
POL-12663;0,282692018;1;1490;6020;0,168333645;5760
POL-12664;0,413669545;0;1580;5860;0,221394151;210
POL-12665;0,192910105;0;1080;5940;0,347364588;500
POL-12666;0,297174459;0;1150;5500;0,21067234;440
POL-12667;0,342835021;0;1220;6800;0,34657242;740
POL-12668;0,36271221;0;1430;8700;0,274159732;70
POL-12669;0,219099056;0;1180;4630;0,086216687;160
POL-12670;0,445103631;0;1380;7410;0,288789851;100
POL-12671;0,195793398;0;1150;6670;0,098385692;180
POL-12672;0,281633016;1;1070;2930;0,209698583;2610
POL-12673;0,256793372;0;1530;5190;0,23397357;220
POL-12674;0,231613398;0;1330;6520;0,317669137;600
POL-12675;0,307013527;0;1440;10830;0,113127263;880
POL-12676;0,508565367;1;1200;5050;0,312782622;4600
POL-12677;0,060334131;0;1450;5280;0,330348133;100
POL-12678;0,237901232;0;980;7330;0,076846205;680
POL-12679;0,096926713;0;1020;6270;0,315585535;500
POL-12680;0,060319938;0;1490;3980;0,127754015;210
POL-12681;0,158313718;0;1230;3030;0,074300285;310
POL-12682;0,545736865;1;1190;2780;0,337572307;5930
POL-12683;0,321013995;0;1020;8200;0,167661046;200
POL-12684;0,206727648;0;1450;4440;0,236895052;780
POL-12685;0,168812901;0;1720;11240;0,215861936;360
POL-12686;0,344838941;0;1400;5440;0,113954577;430
POL-12687;0,259421455;0;1140;8040;0,250869718;710
POL-12688;0,217527869;0;1600;4180;0,063834497;110
POL-12689;0,084636758;0;1340;6880;0,110928478;330
POL-12690;0,136957347;0;1140;9330;0,333399125;420
POL-12691;0,508866636;1;1570;5800;0,336052257;3330
POL-12692;0,303149585;0;1200;4330;0,194796558;80
POL-12693;0,134579783;0;890;5760;0,100721522;280
POL-12694;0,331631333;0;1170;6070;0,176486018;320
POL-12695;0,437149246;1;1380;4530;0,31312125;5590
POL-12696;0,170725354;0;1070;9810;0,071082216;300
POL-12697;0,233040019;0;780;6540;0,088360573;510
POL-12698;0,247987832;0;1620;9060;0,318695854;370
POL-12699;0,126693234;0;2000;8650;0,17461502;860
POL-12700;0,307768588;1;1130;9900;0,075037582;3880
POL-12701;0,134015443;0;1090;3980;0,091762723;130
POL-12702;0,065807195;0;910;7790;0,314734453;220
POL-12703;0,130797325;0;1040;5490;0,197031011;370
POL-12704;0,296745696;0;870;6220;0,098898292;210
POL-12705;0,135141334;0;920;4340;0,318217926;420
POL-12706;0,239406428;1;1250;11150;0,303583667;5400
POL-12707;0,264711633;0;860;5030;0,056907005;80
POL-12708;0,087707456;0;880;7810;0,224297032;450
POL-12709;0,690135953;1;1300;3930;0,123300995;4270
POL-12710;0,203277609;0;1100;5990;0,209940744;60
POL-12711;0,42076461;0;1340;8620;0,1337805;180
POL-12712;0,238331131;0;1160;7190;0,144762884;420
POL-12713;0,415893411;0;1200;4620;0,23055576;100
POL-12714;0,376828754;1;1450;5070;0,211657753;4960
POL-12715;0,264603012;0;1110;6830;0,168557719;80
POL-12716;0,068945835;0;1430;6470;0,082270392;530
POL-12717;0,548596646;1;1150;3870;0,34082717;2680
POL-12718;0,129805621;0;1040;5740;0,102381665;210
POL-12719;0,089312673;0;980;6210;0,239935173;420
POL-12720;0,393865357;0;840;7640;0,074823429;180
POL-12721;0,300946577;1;940;8530;0,25649385;3880
POL-12722;0,24098902;0;810;7840;0,078451935;470
POL-12723;0,169332468;0;1000;7180;0,118852502;270
POL-12724;0,502682362;1;1460;7230;0,24409556;4710
POL-12725;0,104485767;0;1250;7450;0,134880558;240
POL-12726;0,27533675;0;1150;8410;0,209855245;320
POL-12727;0,089678203;0;1080;9880;0,087351618;130
POL-12728;0,381646413;0;1230;4550;0,110720162;460
POL-12729;0,664360012;1;1260;5600;0,270132772;4790
POL-12730;0,346194636;0;970;8520;0,060541658;50
POL-12731;0,138080298;0;1370;4510;0,083540063;480
POL-12732;0,418477792;0;1170;3910;0,114486806;120
POL-12733;0,183919011;0;1320;5220;0,056057168;780
POL-12734;0,161000358;0;1240;6650;0,07861361;460
POL-12735;0,236028129;0;900;5540;0,134417443;450
POL-12736;0,065167615;0;1580;7240;0,077875235;920
POL-12737;0,563715165;1;1250;5930;0,309835829;3410
POL-12738;0,26433182;0;1160;5810;0,069822137;310
POL-12739;0,276885813;0;1400;3160;0,30829511;90
POL-12740;0,516450291;0;960;7700;0,296858026;80
POL-12741;0,525393231;0;860;7720;0,080228478;60
POL-12742;0,179483115;0;1390;6130;0,057557394;500
POL-12743;0,284463574;0;1540;6800;0,064997604;530
POL-12744;0,143076614;0;1320;6790;0,227113419;120
POL-12745;0,461519147;0;1450;8600;0,251106087;320
POL-12746;0,551553374;1;930;6950;0,236196017;2350
POL-12747;0,0580944;0;1160;3830;0,212443056;280
POL-12748;0,570061592;0;1090;10320;0,102405227;510
POL-12749;0,112935882;0;1510;9080;0,302286168;760
POL-12750;0,194618841;0;1370;6600;0,148266481;370
POL-12751;0,08577142;0;1510;6810;0,345853459;850
POL-12752;0,333192285;0;1100;7080;0,165457339;350
POL-12753;0,116867795;0;970;4960;0,128901453;380
POL-12754;0,216804507;0;1580;8730;0,318275244;230
POL-12755;0,211786366;0;1260;8520;0,220224249;250
POL-12756;0,043880184;0;1520;6330;0,266555132;790
POL-12757;0,33864603;1;1230;7840;0,172519635;3830
POL-12758;0,030186642;0;1800;8590;0,316074652;910
POL-12759;0,199048143;0;1540;6950;0,325317564;130
POL-12760;0,405681431;0;1210;4440;0,181030679;170
POL-12761;0,430997363;1;1260;7870;0,122217151;4680
POL-12762;0,201635037;0;1260;6610;0,244301415;660
POL-12763;0,10861864;0;970;4310;0,3363753;150
POL-12764;0,31171191;0;1130;8570;0,236733938;610
POL-12765;0,343663793;0;1110;6970;0,336266732;460
POL-12766;0,387145556;1;1310;6040;0,153142389;6250
POL-12767;0,251356321;0;1050;10640;0,324523721;430
POL-12768;0,421046263;1;1210;5410;0,08377005;4120
POL-12769;0,210892919;0;1160;4610;0,157650326;250
POL-12770;0,208010245;0;1270;6810;0,19834137;660
POL-12771;0,207672579;0;1620;6190;0,245933101;970
POL-12772;0,311709241;0;1520;5380;0,138241773;940
POL-12773;0,242379703;0;920;9320;0,32727179;60
POL-12774;0,52167029;1;1240;4260;0,321048863;4330
POL-12775;0,496902218;1;1170;7120;0,289800984;5200
POL-12776;0,283979194;0;1090;6670;0,084308757;470
POL-12777;0,056887693;0;1790;6480;0,073487285;290
POL-12778;0,558844838;1;1120;8810;0,199439437;4060
POL-12779;0,377591605;0;1140;10610;0,279603127;250
POL-12780;0,077601308;0;1690;6500;0,086970768;130
POL-12781;0,407843954;1;1490;8280;0,24243124;4150
POL-12782;0,059444605;0;1140;6580;0,208356617;130
POL-12783;0,073736132;0;1440;6660;0,267796826;180
POL-12784;0,225592804;0;1190;7400;0,180612568;420
POL-12785;0,800053063;1;1210;6840;0,257988979;2920
POL-12786;0,135574545;0;1050;4680;0,097882601;670
POL-12787;0,549457788;1;640;9160;0,114378282;1310
POL-12788;0,415186341;0;890;7400;0,321000219;530
POL-12789;0,135563284;0;970;6410;0,148812523;310
POL-12790;0,315841489;0;1350;5250;0,345651744;350
POL-12791;0,570107736;0;1290;7080;0,063861379;560
POL-12792;0,36241247;0;1520;6010;0,198762744;760
POL-12793;0,085944369;0;950;6860;0,147496149;400
POL-12794;0,05469308;0;1700;6120;0,348789511;380
POL-12795;0,43398413;1;1670;4840;0,347010427;6440
POL-12796;0,161245319;0;1260;9720;0,120572988;430
POL-12797;0,242832446;0;1080;4610;0,130177064;60
POL-12798;0,182270654;0;1090;4940;0,274901666;680
POL-12799;0,208049874;1;1300;7860;0,316902329;4360
POL-12800;0,20317336;0;1720;7120;0,249109096;930
POL-12801;0,140272919;0;1230;7820;0,309412687;200
POL-12802;0,370391583;0;850;7510;0,068987737;350
POL-12803;0,415554973;0;1720;4990;0,242158544;1120
POL-12804;0,149112196;0;1150;7840;0,260051267;220
POL-12805;0,159097195;0;1610;5210;0,107095719;440
POL-12806;0,481579146;0;1410;8610;0,283391063;430
POL-12807;0,139783582;0;1210;4500;0,333279551;360
POL-12808;0,356264208;0;1490;4910;0,319389948;660
POL-12809;0,51837047;1;1070;4970;0,123490225;4030
POL-12810;0,107166082;0;1180;7120;0,147197791;580
POL-12811;0,163331846;0;1120;6400;0,199883411;410
POL-12812;0,174837547;0;1200;6730;0,097508355;180
POL-12813;0,219548981;0;1390;6260;0,336185949;930
POL-12814;0,287150785;1;1390;6390;0,098478989;5790
POL-12815;0,176765569;0;860;5540;0,278426887;360
POL-12816;0,33518647;0;1120;3480;0,152428445;100
POL-12817;0,377786247;0;1160;3710;0,222116239;750
POL-12818;0,77626203;1;1400;4900;0,064152147;4380
POL-12819;0,485348639;0;900;5860;0,111503557;260
POL-12820;0,359800303;0;1430;9430;0,183317371;180
POL-12821;0,255745785;0;970;4460;0,253157365;530
POL-12822;0,221578366;0;1310;4320;0,283268578;290
POL-12823;0,461095188;1;1530;2860;0,059042155;5400
POL-12824;0,206337727;0;940;7500;0,095747065;610
POL-12825;0,210039097;0;1310;6070;0,268937522;570
POL-12826;0,140540961;0;1200;3910;0,293916628;730
POL-12827;0,220998186;0;1010;6440;0,120971458;200
POL-12828;0,119740154;0;940;5330;0,118895914;600
POL-12829;0,262860588;0;1070;9090;0,076408832;210
POL-12830;0,211310094;0;1050;5160;0,095088193;210
POL-12831;0,279083773;0;1200;9900;0,052404768;750
POL-12832;0,257614439;0;1140;6840;0,226949372;470
POL-12833;0,380635444;0;1360;5710;0,321167403;770
POL-12834;0,274112789;0;1450;5990;0,09487283;830
POL-12835;0,336262739;0;870;7090;0,275433099;410
POL-12836;0,337735515;0;1190;5960;0,222097606;210
POL-12837;0,307783507;1;1010;4650;0,331976568;2810
POL-12838;0,323484444;0;980;7760;0,289436757;90
POL-12839;0,224646068;0;860;8480;0,305818707;160
POL-12840;0,54674857;0;840;8550;0,241742646;390
POL-12841;0,314283113;0;1120;6180;0,293400836;720
POL-12842;0,064829434;0;1350;8680;0,155260851;740
POL-12843;0,130524362;0;1350;7130;0,112705278;360
POL-12844;0,312174215;1;990;5910;0,323755991;3880
POL-12845;0,233307137;0;960;5380;0,270300763;650
POL-12846;0,273327604;0;1310;8340;0,077210869;350
POL-12847;0,055464484;0;1140;3130;0,310072858;200
POL-12848;0,335958568;1;1470;9280;0,154671182;6200
POL-12849;0,075648329;0;970;6750;0,139483337;300
POL-12850;0,520342852;1;790;5310;0,23699407;2770
POL-12851;0,172981645;0;1400;5070;0,220579591;510
POL-12852;0,304241524;0;780;5610;0,211477016;410
POL-12853;0,136422641;0;890;7910;0,126463155;350
POL-12854;0,029746751;0;1080;7120;0,337932125;730
POL-12855;0,125201078;0;1180;5580;0,335036277;410
POL-12856;0,219960002;0;1400;5420;0,051248657;80
POL-12857;0,05539189;0;1000;7130;0,151348289;360
POL-12858;0,661641914;1;1580;11990;0,063664599;4100
POL-12859;0,259674749;0;870;11970;0,30507463;100
POL-12860;0,157251346;1;1160;8600;0,315955471;5490
POL-12861;0,435964665;0;1460;4950;0,205489485;750
POL-12862;0,21861854;0;1470;8010;0,30190341;350
POL-12863;0,369701954;0;510;5010;0,261008095;280
POL-12864;0,11171762;0;1930;6040;0,199872183;620
POL-12865;0,447126128;0;1170;9230;0,15914342;660
POL-12866;0,132871967;0;1320;6010;0,129867508;540
POL-12867;0,253919595;0;1170;5930;0,127828741;120
POL-12868;0,250546555;0;1780;5490;0,218619315;540
POL-12869;0,495272947;1;1570;4870;0,100042648;7720
POL-12870;0,291248498;0;1780;5980;0,102437563;1030
POL-12871;0,308961417;0;1370;7980;0,053118002;620
POL-12872;0,415439669;0;1480;7850;0,233998418;820
POL-12873;0,118490847;0;990;7090;0,348303256;290
POL-12874;0,211025635;0;1180;8850;0,316765813;590
POL-12875;0,435721067;0;1480;3050;0,261706941;140
POL-12876;0,344806203;1;1330;6610;0,285657589;2840
POL-12877;0,22377002;0;1280;5080;0,175055815;300
POL-12878;0,392323073;0;1060;10470;0,139423866;590
POL-12879;0,173382447;0;1540;5990;0,160588485;610
POL-12880;0,175243617;0;1540;7980;0,074426625;490
POL-12881;0,149768669;0;1510;8490;0,240138559;960
POL-12882;0,327676601;0;1320;5750;0,102459507;490
POL-12883;0,167111426;0;1250;8360;0,278863463;560
POL-12884;0,507244389;0;1530;8580;0,106992939;1060
POL-12885;0,764694004;1;1480;8080;0,118437208;3570
POL-12886;0,143292877;0;1030;5460;0,337191692;580
POL-12887;0,226094311;0;1330;3640;0,081618774;420
POL-12888;0,382766204;1;1410;10780;0,199652762;6140
POL-12889;0,327559152;0;1080;5920;0,068805952;640
POL-12890;0,201384303;0;1480;8510;0,077117298;980
POL-12891;0,327224394;1;1430;5570;0,240050109;3530
POL-12892;0,36986185;0;1150;10700;0,239218179;430
POL-12893;0,383427431;0;910;5500;0,107936084;300
POL-12894;0,53576213;0;1400;6700;0,311745955;980
POL-12895;0,39813846;1;1740;11140;0,260656099;5550
POL-12896;0,21978518;0;1310;3300;0,140183175;100
POL-12897;0,145958004;0;1410;8910;0,124515967;780
POL-12898;0,219862565;0;960;6450;0,276285576;420
POL-12899;0,313178646;1;1240;7920;0,270087177;5740
POL-12900;0,072799455;0;1220;5800;0,094649573;410
POL-12901;0,248787046;0;1030;9770;0,154756355;150
POL-12902;0,614137362;1;1360;4880;0,115003174;5930
POL-12903;0,788255682;1;1350;6570;0,138243259;5100
POL-12904;0,30885905;0;1180;8370;0,136269189;730
POL-12905;0,075144421;0;1250;4860;0,34280711;830
POL-12906;0,353616462;0;1760;6750;0,275063412;170
POL-12907;0,067446576;0;1090;4450;0,284015615;560
POL-12908;0,200321115;0;970;5700;0,13322695;390
POL-12909;0,317795983;1;960;11750;0,050158126;2790
POL-12910;0,373788304;0;1310;9180;0,067447101;750
POL-12911;0,536768487;1;610;7830;0,21589993;2460
POL-12912;0,070700748;0;1120;7240;0,135644342;730
POL-12913;0,262527549;0;1010;3370;0,10788638;160
POL-12914;0,18228772;0;1240;6130;0,064892276;370
POL-12915;0,387676263;0;1240;8340;0,312764522;740
POL-12916;0,109198226;0;1340;5620;0,230038204;160
POL-12917;0,088138199;0;1400;7220;0,082211964;920
POL-12918;0,279470159;0;1540;4490;0,279921205;820
POL-12919;0,043213951;0;1160;4320;0,276747677;390
POL-12920;0,456009694;1;1080;11060;0,136821092;2280
POL-12921;0,355515404;0;1460;10760;0,106528067;210
POL-12922;0,254001004;0;840;6330;0,294194563;90
POL-12923;0,188942358;0;1440;4940;0,14886942;470
POL-12924;0,268354603;0;1290;4620;0,304228424;770
POL-12925;0,259331064;0;1360;7300;0,063095484;540
POL-12926;0,52455254;0;1340;10370;0,199786685;460
POL-12927;0,52986301;1;1280;5100;0,103878584;6090
POL-12928;0,517382913;1;1290;6900;0,251613444;5890
POL-12929;0,554559499;1;970;6800;0,349164128;2350
POL-12930;0,347684496;1;1090;9830;0,17375331;4030
POL-12931;0,171439294;0;1690;7060;0,080093164;430
POL-12932;0,478568978;0;1420;3710;0,145301936;780
POL-12933;0,547056406;1;1520;8010;0,31745195;6420
POL-12934;0,435449764;0;1160;6840;0,279728307;290
POL-12935;0,442330047;0;1270;4770;0,119663499;880
POL-12936;0,198403284;1;1380;8620;0,336079616;3030
POL-12937;0,450101696;1;1550;5870;0,23665638;5630
POL-12938;0,140064829;0;1210;7170;0,10041482;730
POL-12939;0,512359307;1;1370;6790;0,221696643;3720
POL-12940;0,212251763;0;1430;5900;0,18538306;500
POL-12941;0,084635045;0;1480;4880;0,295909302;880
POL-12942;0,588251715;1;1200;7620;0,153248009;5050
POL-12943;0,446980555;0;1570;4060;0,312493496;470
POL-12944;0,367641209;0;890;8360;0,293591116;120
POL-12945;0,334653738;0;970;4790;0,252381035;410
POL-12946;0,208124642;0;1370;4170;0,127582167;910
POL-12947;0,411148056;0;1360;9300;0,341098873;660
POL-12948;0,141919344;0;1190;6690;0,214600034;530
POL-12949;0,101869513;0;1140;2690;0,322254194;290
POL-12950;0,507611299;1;1140;6470;0,11471897;3490
POL-12951;0,436006699;0;1030;7720;0,345013491;640
POL-12952;0,500990826;1;1240;7780;0,294817769;5060
POL-12953;0,625580062;1;860;4950;0,334768065;3200
POL-12954;0,128646511;0;1530;5240;0,11370972;550
POL-12955;0,363662225;0;1350;6830;0,179197424;400
POL-12956;0,253029613;0;1570;8580;0,079290177;560
POL-12957;0,395338799;0;1290;3870;0,091090882;140
POL-12958;0,21046671;0;1240;3980;0,135187599;330
POL-12959;0,477416761;1;1280;9240;0,335487698;6240
POL-12960;0,444184659;0;1080;8940;0,250157504;340
POL-12961;0,35193663;1;940;4620;0,144389692;2410
POL-12962;0,040955771;0;1000;5730;0,336371996;510
POL-12963;0,231410948;1;1140;10720;0,271919422;2340
POL-12964;0,613019792;1;1030;8260;0,322093704;2990
POL-12965;0,395661105;1;1590;6400;0,328166238;5390
POL-12966;0,521061948;1;1070;8790;0,275230925;3460
POL-12967;0,048808427;0;1350;5540;0,122940029;880
POL-12968;0,04461401;0;1400;6820;0,348976687;180
POL-12969;0,2521359;0;1560;5880;0,147527252;110
POL-12970;0,359940667;0;1420;7920;0,251511725;280
POL-12971;0,396596249;1;1210;7900;0,303443508;2750
POL-12972;0,217750543;1;1680;6950;0,102545298;4530
POL-12973;0,272219139;0;940;7510;0,232712504;150
POL-12974;0,079718936;0;1010;8770;0,162551833;430
POL-12975;0,31511943;0;1300;7430;0,123286721;190
POL-12976;0,117198438;0;1270;6950;0,053531544;530
POL-12977;0,43345161;0;1450;7350;0,311592219;90
POL-12978;0,26939891;1;1290;8920;0,090764464;3700
POL-12979;0,425344955;0;1340;4650;0,313435148;520
POL-12980;0,180274337;0;1500;7330;0,23020718;120
POL-12981;0,302971206;0;1290;2730;0,236316666;640
POL-12982;0,181470441;0;1420;5930;0,298595538;600
POL-12983;0,148913528;0;1060;10270;0,202832344;480
POL-12984;0,223135957;0;1080;4920;0,15718537;430
POL-12985;0,150116777;0;1470;3240;0,091642005;760
POL-12986;0,453166574;1;1280;4610;0,221124614;2500
POL-12987;0,271729317;0;1290;7930;0,215950116;840
POL-12988;0,221208606;0;1080;6240;0,138168946;720
POL-12989;0,290461729;1;1150;4490;0,230017078;3480
POL-12990;0,206212235;0;1320;8920;0,181810066;850
POL-12991;0,246240224;0;1170;7350;0,291659046;760
POL-12992;0,396204718;0;1030;4190;0,217845877;230
POL-12993;0,257116338;0;1040;6060;0,330103576;720
POL-12994;0,2435097;0;1090;10770;0,205394891;240
POL-12995;0,466685469;0;1170;5880;0,316248591;70
POL-12996;0,106908792;0;1180;3110;0,206157541;800
POL-12997;0,187121086;0;1640;7440;0,217410441;320
POL-12998;0,218899159;0;1480;7270;0,160042399;640
POL-12999;0,570871204;1;1320;9170;0,170050737;4300
POL-13000;0,288274528;0;1720;5720;0,329930446;140
POL-13001;0,234151894;0;1220;7380;0,116984721;270
POL-13002;0,080523618;0;1370;6990;0,086437317;610
POL-13003;0,171241303;0;1330;6490;0,299063274;730
POL-13004;0,393636865;0;1370;7150;0,22307324;790
POL-13005;0,141143376;0;1060;7700;0,135394194;660
POL-13006;0,338524186;0;1170;7600;0,179720066;190
POL-13007;0,536830096;1;1050;8340;0,207471568;3050
POL-13008;0,239882472;0;1350;1940;0,227642077;690
POL-13009;0,192189753;0;1250;3510;0,296315307;640
POL-13010;0,075295043;0;780;6930;0,168305698;200
POL-13011;0,294607119;0;1380;6730;0,252950934;340
POL-13012;0,35098258;1;1300;4470;0,300430092;2520
POL-13013;0,105287516;0;1680;5830;0,303132037;1060
POL-13014;0,046295613;0;1480;4850;0,126273562;950
POL-13015;0,297812468;0;1530;7680;0,155051913;90
POL-13016;0,222301797;0;970;4720;0,22847181;250
POL-13017;0,507398052;1;1530;6930;0,315731717;4940
POL-13018;0,0909426;0;1200;8550;0,287133826;830
POL-13019;0,525269158;0;1080;4760;0,22518887;720
POL-13020;0,297277096;0;660;3820;0,345120089;300
POL-13021;0,269553328;0;1580;4980;0,181696169;130
POL-13022;0,467203651;1;1180;4760;0,302735171;3090
POL-13023;0,500775663;1;1220;6580;0,295526114;4920
POL-13024;0,213010903;0;1330;3100;0,322411494;900
POL-13025;0,36355148;0;1720;9710;0,346303507;190
POL-13026;0,251179657;0;1190;3990;0,198709009;670
POL-13027;0,106877291;0;1250;3800;0,108688895;220
POL-13028;0,334356301;1;1490;6620;0,188268607;3560
POL-13029;0,236358794;0;1180;6250;0,306165463;650
POL-13030;0,159853485;0;1040;9240;0,30083199;520
POL-13031;0,167875172;0;700;5950;0,150790972;390
POL-13032;0,386007433;1;1580;5930;0,064192042;6310
POL-13033;0,282487103;0;1310;7800;0,202952629;330
POL-13034;0,209584745;0;1390;8390;0,192230279;400
POL-13035;0,215982299;0;1130;2610;0,075729193;660
POL-13036;0,090160086;0;1420;6630;0,288466987;110
POL-13037;0,452818653;1;1100;10810;0,135077082;5460
POL-13038;0,261800905;0;1290;5250;0,243725628;840
POL-13039;0,320390464;0;1280;6800;0,080446359;800
POL-13040;0,309970727;0;1530;8540;0,308210952;880
POL-13041;0,559034417;1;1410;7470;0,271782351;6090
POL-13042;0,291254492;0;1090;4400;0,166526813;680
POL-13043;0,168536163;0;1400;6370;0,238846685;900
POL-13044;0,295131874;0;1160;4020;0,106236168;560
POL-13045;0,041257679;0;1050;4360;0,345626747;260
POL-13046;0,213082212;0;1390;8720;0,288832413;510
POL-13047;0,368157725;1;1300;8210;0,286682001;5480
POL-13048;0,158512879;1;950;10070;0,096014065;2610
POL-13049;0,553000127;1;1120;8350;0,055320057;4610
POL-13050;0,114601245;0;1440;6220;0,22561141;380
POL-13051;0,392013553;1;1350;4470;0,093236184;4790
POL-13052;0,198875256;0;1360;9290;0,284130037;670
POL-13053;0,625420832;0;1710;7750;0,174822842;660
POL-13054;0,294535615;0;1500;8100;0,151578275;480
POL-13055;0,12906043;0;1220;7650;0,072094779;580
POL-13056;0,459527044;1;1150;8870;0,348819524;5700
POL-13057;0,34217454;1;1080;3450;0,336803234;5070
POL-13058;0,430210798;1;1140;4070;0,089479072;3980
POL-13059;0,437082666;0;850;4760;0,149843481;160
POL-13060;0,184944741;0;950;7230;0,167236261;530
POL-13061;0,680566479;1;1410;5590;0,139040323;6390
POL-13062;0,509775049;1;1630;8760;0,330340568;7790
POL-13063;0,442788353;0;1260;6470;0,266402549;800
POL-13064;0,258114347;0;1070;11140;0,336774922;150
POL-13065;0,098381844;0;400;9930;0,312351621;90
POL-13066;0,050957022;0;1680;6780;0,276362456;360
POL-13067;0,08963459;0;920;3780;0,259090132;510
POL-13068;0,176667358;0;880;7880;0,309848747;340
POL-13069;0,218606698;0;1180;4270;0,255244969;250
POL-13070;0,191175844;0;1240;4550;0,10661594;170
POL-13071;0,485129817;0;1250;5710;0,244437955;790
POL-13072;0,373179564;0;1040;5670;0,204500492;520
POL-13073;0,559353791;1;1350;7610;0,344568403;4910
POL-13074;0,17839887;0;1120;7150;0,202989664;760
POL-13075;0,361741544;0;1130;4480;0,061536495;680
POL-13076;0,563342345;1;1180;5910;0,129256853;5860
POL-13077;0,557714805;0;1080;3780;0,325214528;410
POL-13078;0,019850766;0;940;7300;0,338706899;340
POL-13079;0,151638128;0;950;2780;0,268549573;570
POL-13080;0,057461762;0;970;6030;0,06705917;140
POL-13081;0,302235246;0;1360;5210;0,057062416;470
POL-13082;0,374682965;0;1350;7590;0,193878501;630
POL-13083;0,196038427;0;1180;4880;0,349901692;780
POL-13084;0,447803622;0;1200;4800;0,310789021;760
POL-13085;0,226426112;0;1540;7290;0,329932286;610
POL-13086;0,144277526;0;1380;7400;0,237062451;610
POL-13087;0,270528855;0;1640;4410;0,307737418;990
POL-13088;0,064947244;0;1110;7680;0,145909512;590
POL-13089;0,377548855;1;960;11410;0,058209201;4130
POL-13090;0,589623564;1;1500;5560;0,325475188;7200
POL-13091;0,474531368;1;1240;4040;0,115529187;3360
POL-13092;0,398031319;0;1050;6610;0,268545906;60
POL-13093;0,424241576;0;1370;3740;0,247690194;350
POL-13094;0,243074402;0;1070;5980;0,097449065;330
POL-13095;0,404494031;0;1420;5490;0,108733699;700
POL-13096;0,187971583;0;1370;7880;0,148721744;340
POL-13097;0,223863611;0;1190;2990;0,277079196;310
POL-13098;0,373382321;0;830;3340;0,061773273;260
POL-13099;0,233904877;0;1020;7260;0,172120622;680
POL-13100;0,275943642;0;1630;7580;0,249533962;540
POL-13101;0,194612983;0;1690;2210;0,101441284;240
POL-13102;0,468555856;1;1900;9540;0,085825182;5170
POL-13103;0,305131293;1;1350;8250;0,167063672;5490
POL-13104;0,480971979;0;980;5160;0,135967765;650
POL-13105;0,110914098;0;1580;6690;0,244728699;1060
POL-13106;0,175126958;1;1180;2560;0,340870561;3630
POL-13107;0,295051174;1;1080;7910;0,051340681;5400
POL-13108;0,411899419;0;1330;4810;0,320713974;750
POL-13109;0,236414583;0;1720;5790;0,179966911;150
POL-13110;0,596952974;0;1220;6280;0,249202319;360
POL-13111;0,120513331;0;1250;8920;0,30530811;580
POL-13112;0,296309723;0;870;7430;0,222037598;550
POL-13113;0,539179252;1;1280;5780;0,079193548;6260
POL-13114;0,610095556;1;1420;5320;0,092178553;5320
POL-13115;0,228323774;0;1230;6950;0,286784013;790
POL-13116;0,075982402;0;1250;6330;0,118729469;600
POL-13117;0,272683538;0;1310;6020;0,220711285;770
POL-13118;0,096885138;0;990;6510;0,178424154;300
POL-13119;0,257772514;0;680;5960;0,141091695;30
POL-13120;0,2930383;0;1220;3370;0,286090269;190
POL-13121;0,160766979;0;1190;6380;0,269364996;780
POL-13122;0,342365394;0;1390;6460;0,243832665;100
POL-13123;0,357636798;0;1850;6770;0,161801411;810
POL-13124;0,32730854;1;1570;4490;0,117941097;6760
POL-13125;0,358761635;0;740;4900;0,204768485;240
POL-13126;0,258787274;0;1880;9780;0,29513123;580
POL-13127;0,251840498;0;1420;5020;0,222699491;130
POL-13128;0,226983512;0;1180;7520;0,341041893;150
POL-13129;0,283971831;0;1620;4910;0,054631246;150
POL-13130;0,128192735;0;610;2720;0,349504034;50
POL-13131;0,37723883;0;1110;6290;0,257422714;120
POL-13132;0,301055765;0;1300;7730;0,299802205;650
POL-13133;0,191447879;0;1270;5830;0,15048571;160
POL-13134;0,140093885;0;1630;2510;0,202502398;360
POL-13135;0,072799836;0;1550;2030;0,289096774;740
POL-13136;0,248994418;0;1420;8810;0,278194842;170
POL-13137;0,219931621;0;1180;6470;0,150210329;760
POL-13138;0,535390427;1;1490;7710;0,147323071;5750
POL-13139;0,138341635;0;1100;6960;0,248843361;740
POL-13140;0,182885227;0;1440;4200;0,330097754;250
POL-13141;0,058687858;0;1070;5990;0,181635797;70
POL-13142;0,325071678;0;1320;3110;0,15588254;570
POL-13143;0,188943782;0;890;8390;0,318406111;230
POL-13144;0,339106044;0;1510;7140;0,254916818;640
POL-13145;0,246760352;0;1140;7980;0,166482794;410
POL-13146;0,386641365;0;910;9080;0,067182869;320
POL-13147;0,441594752;1;1010;5790;0,266446782;2690
POL-13148;0,16776832;0;1170;5020;0,155865947;200
POL-13149;0,291958972;0;1020;6290;0,071169859;380
POL-13150;0,163711523;0;1430;9040;0,233686726;460
POL-13151;0,568806134;1;1180;3370;0,146902061;3510
POL-13152;0,334029239;0;1480;6540;0,151536952;120
POL-13153;0,162497135;0;1180;8110;0,193751039;470
POL-13154;0,258808436;0;1430;7120;0,26524243;520
POL-13155;0,198036063;0;1250;8650;0,132899143;850
POL-13156;0,53199639;1;1190;3430;0,074283775;3670
POL-13157;0,089599302;0;990;8670;0,177327716;150
POL-13158;0,320273396;0;1270;5250;0,066477627;480
POL-13159;0,370484504;0;1430;2310;0,259180553;800
POL-13160;0,458132161;0;1080;5850;0,33777304;420
POL-13161;0,060796063;0;1250;4820;0,247627642;350
POL-13162;0,443627346;1;1110;6170;0,132617135;4380
POL-13163;0,257113052;0;1730;3460;0,104510716;500
POL-13164;0,086495025;0;1330;6250;0,119835071;80
POL-13165;0,184447018;0;1270;5350;0,116483001;670
POL-13166;0,288103673;0;1130;10480;0,144149152;510
POL-13167;0,35693749;1;1470;6850;0,079204003;7290
POL-13168;0,277989033;0;1250;6960;0,318715717;570
POL-13169;0,37941876;0;1230;6040;0,315536149;310
POL-13170;0,322456079;0;1230;9000;0,234570876;260
POL-13171;0,546636494;0;970;7470;0,06857611;520
POL-13172;0,269715569;0;1620;9530;0,291200222;930
POL-13173;0,516505164;0;1480;8610;0,068536575;680
POL-13174;0,137099157;0;1250;5730;0,081926367;700
POL-13175;0,185651684;0;1220;7960;0,147588918;350
POL-13176;0,191799622;0;1030;8130;0,179441095;100
POL-13177;0,505896606;1;880;8390;0,156166687;3560
POL-13178;0,097808414;0;1030;7300;0,099568934;220
POL-13179;0,262965662;0;1540;3810;0,083638915;860
POL-13180;0,008203202;0;1150;6440;0,307824568;330
POL-13181;0,26041468;0;1520;6720;0,158954368;740
POL-13182;0,172634622;0;1240;6640;0,115579813;510
POL-13183;0,037844254;0;1030;8790;0,196097407;600
POL-13184;0,359970186;0;1070;5210;0,06104702;630
POL-13185;0,411412045;0;1310;6770;0,230084355;120
POL-13186;0,316483163;0;850;6360;0,124546876;210
POL-13187;0,085363651;0;1060;7870;0,229458924;650
POL-13188;0,388999073;0;1140;10120;0,234237549;360
POL-13189;0,32876177;0;1460;7750;0,292767257;560
POL-13190;0,19099086;0;1320;7610;0,118971427;220
POL-13191;0,481544841;0;1300;4460;0,189039392;530
POL-13192;0,185288931;0;1370;3410;0,338566201;300
POL-13193;0,197152044;0;1510;7010;0,268137453;890
POL-13194;0,320129626;1;1260;6130;0,342603142;5360
POL-13195;0,348425283;1;990;7420;0,328209714;2930
POL-13196;0,281167219;0;1300;5270;0,233224579;150
POL-13197;0,464092118;1;1040;9310;0,129179107;2180
POL-13198;0,056540673;0;730;4110;0,277077247;480
POL-13199;0,67031527;1;1300;6110;0,259435774;2580
POL-13200;0,681779;1;1380;5720;0,226667036;3960
POL-13201;0,362882831;0;1340;8700;0,259348769;430
POL-13202;0,33431552;0;1380;6040;0,234075924;740
POL-13203;0,206364542;0;1530;5340;0,205813707;1050
POL-13204;0,122764545;0;1010;6660;0,174786645;80
POL-13205;0,444494924;1;1150;4920;0,063412512;3270
POL-13206;0,153860108;0;930;6460;0,309706376;270
POL-13207;0,136825531;0;1360;6240;0,309662175;200
POL-13208;0,661886254;0;1560;12280;0,228214196;270
POL-13209;0,101399409;0;1110;5580;0,130365292;720
POL-13210;0,15203815;0;1430;6320;0,058439313;820
POL-13211;0,311114999;0;1060;6940;0,050428641;270
POL-13212;0,227935526;0;1410;7050;0,071872217;930
POL-13213;0,444910528;0;690;8590;0,157965898;80
POL-13214;0,214570872;0;1630;10340;0,106518784;420
POL-13215;0,179371258;0;980;4900;0,129517426;460
POL-13216;0,044069941;0;1290;7380;0,259898113;900
POL-13217;0,392980099;1;1600;6170;0,337744932;4960
POL-13218;0,570806578;1;960;7160;0,112032753;4660
POL-13219;0,35866642;0;1690;8720;0,18969318;1090
POL-13220;0,4492068;0;1780;9760;0,34744382;100
POL-13221;0,041894341;0;1420;8250;0,329502319;340
POL-13222;0,30095827;0;1250;7130;0,155694891;140
POL-13223;0,174139508;0;1200;8550;0,145906714;670
POL-13224;0,539635274;1;1390;4820;0,122651192;6880
POL-13225;0,806253776;1;1440;5050;0,096620855;2780
POL-13226;0,097048334;0;750;6840;0,188015624;240
POL-13227;0,281531704;0;1180;8830;0,152336154;450
POL-13228;0,512200757;1;1100;5910;0,273451278;4540
POL-13229;0,033778735;0;1070;6120;0,121059951;600
POL-13230;0,123601103;0;1070;2540;0,270899672;110
POL-13231;0,54984549;1;930;11280;0,136443976;2790
POL-13232;0,571390811;1;1640;6040;0,227818635;7770
POL-13233;0,076961657;0;1100;1020;0,241529029;590
POL-13234;0,343071725;0;1210;6830;0,251534428;580
POL-13235;0,228759292;0;1170;7450;0,102601696;610
POL-13236;0,156946079;0;1110;6040;0,134813411;110
POL-13237;0,428128904;0;1350;4680;0,123834706;520
POL-13238;0,109539843;0;1170;8300;0,222848123;700
POL-13239;0,096855153;0;1400;8070;0,072723921;720
POL-13240;0,257168356;0;1640;7550;0,205476935;1000
POL-13241;0,334212774;0;970;4970;0,076240117;180
POL-13242;0,519754876;1;1330;5280;0,151116797;5200
POL-13243;0,151113329;0;1320;5800;0,256011828;440
POL-13244;0,158942947;0;960;5670;0,173769217;370
POL-13245;0,208524184;0;1410;7750;0,134102552;300
POL-13246;0,197391524;0;1180;5710;0,234757153;350
POL-13247;0,383325546;0;1640;4600;0,272080734;810
POL-13248;0,305681183;0;1500;7350;0,12637548;700
POL-13249;0,084647832;0;1250;11250;0,13981997;150
POL-13250;0,311152998;0;1200;4930;0,242088175;830
POL-13251;0,1018444;0;1680;5080;0,339566978;700
POL-13252;0,428204298;0;1110;6260;0,114161461;400
POL-13253;0,039505618;0;1320;8010;0,246274291;900
POL-13254;0,529671319;1;1230;7630;0,321976952;4170
POL-13255;0,096162623;0;1550;6260;0,18859003;630
POL-13256;0,342697013;0;1570;5630;0,145053268;900
POL-13257;0,385300333;1;1390;10700;0,25006132;4930
POL-13258;0,11248182;0;1120;8790;0,059429542;590
POL-13259;0,402292465;1;1210;9970;0,158048165;2240
POL-13260;0,387912614;1;940;7910;0,127392208;1730
POL-13261;0,138858069;0;1310;6310;0,117386511;270
POL-13262;0,488132329;1;1050;7300;0,103927779;2020
POL-13263;0,244175944;0;1810;10110;0,27111899;580
POL-13264;0,06767297;0;1110;7530;0,336529939;140
POL-13265;0,176960964;0;1510;3060;0,165431194;300
POL-13266;0,216583336;0;1630;9300;0,064730992;1010
POL-13267;0,128806555;0;1460;9490;0,265673544;610
POL-13268;0,077446521;0;1120;8970;0,2114613;250
POL-13269;0,192145754;0;1110;3810;0,267093384;740
POL-13270;0,355095111;0;1990;7270;0,244371249;1100
POL-13271;0,374634514;0;1740;8550;0,321630794;500
POL-13272;0,134636639;0;1330;6530;0,092132058;730
POL-13273;0,098360927;0;1170;7260;0,100748554;510
POL-13274;0,199699215;0;1030;7620;0,152470767;510
POL-13275;0,266182784;0;1100;4850;0,197416645;280
POL-13276;0,080194428;0;1430;7440;0,327714134;270
POL-13277;0,211770116;0;1830;4530;0,322089269;390
POL-13278;0,241929055;0;1220;6290;0,311561636;130
POL-13279;0,28666542;0;1550;5350;0,11675808;550
POL-13280;0,241905467;0;1470;8250;0,268902913;460
POL-13281;0,603537412;1;1180;7840;0,165047523;4180
POL-13282;0,423517454;0;1500;7630;0,329354878;910
POL-13283;0,726145423;1;1510;7060;0,114360751;3030
POL-13284;0,104960062;0;1480;7370;0,092377386;500
POL-13285;0,070555543;0;1150;10520;0,302715552;780
POL-13286;0,267376322;0;1430;9150;0,265072279;950
POL-13287;0,121019379;0;1550;4580;0,296426503;170
POL-13288;0,332959925;0;1490;5430;0,097383016;670
POL-13289;0,181928767;0;1520;6080;0,315437806;880
POL-13290;0,075584085;0;1200;6020;0,253286107;190
POL-13291;0,361660594;0;1520;4850;0,245468241;200
POL-13292;0,619609154;0;1570;7670;0,224775159;340
POL-13293;0,235119337;0;1140;6380;0,279462946;260
POL-13294;0,232108662;0;900;6940;0,174682494;610
POL-13295;0,332827698;0;1660;3080;0,089846374;930
POL-13296;0,336257106;0;1130;3350;0,21177946;100
POL-13297;0,551863502;1;1060;5420;0,274430587;4770
POL-13298;0,243525921;0;1300;7720;0,096094236;210
POL-13299;0,622624036;1;1180;7460;0,1172062;3060
POL-13300;0,427825282;0;770;8520;0,258963687;200
POL-13301;0,098579658;0;1470;5100;0,13089528;330
POL-13302;0,161408333;0;1470;7870;0,100982258;370
POL-13303;0,166448951;0;990;9560;0,316817623;530
POL-13304;0,706300796;1;1240;8350;0,098268607;2440
POL-13305;0,184128362;0;1000;3920;0,153244574;570
POL-13306;0,465185061;1;1040;8720;0,178529088;5120
POL-13307;0,103749207;0;1100;7150;0,192841996;480
POL-13308;0,292075046;0;1380;7410;0,158392978;840
POL-13309;0,204885513;0;1750;11490;0,32376155;180
POL-13310;0,579544183;1;1150;6990;0,247587566;2560
POL-13311;0,095876772;0;1460;7760;0,157848395;560
POL-13312;0,111772327;0;1450;6690;0,157315916;390
POL-13313;0,111640097;0;720;6010;0,20088575;80
POL-13314;0,152595463;0;900;7230;0,060098961;440
POL-13315;0,208809733;0;1760;5630;0,327992852;440
POL-13316;0,318682014;0;1120;6790;0,116992813;300
POL-13317;0,381522418;1;1360;5900;0,25927777;3090
POL-13318;0,148674931;0;1330;2340;0,283316824;880
POL-13319;0,247474972;0;720;5520;0,298214905;190
POL-13320;0,581349149;0;1080;8410;0,099692693;580
POL-13321;0,561419474;1;1430;7540;0,211007921;5430
POL-13322;0,06514174;0;1020;6030;0,075102309;120
POL-13323;0,086918495;0;1160;6700;0,291437704;460
POL-13324;0,124071029;0;950;4890;0,19593546;50
POL-13325;0,321071156;1;1040;5100;0,097546718;2810
POL-13326;0,227476474;0;1120;6510;0,265603684;260
POL-13327;0,132974793;0;790;6070;0,149350955;210
POL-13328;0,293744364;0;1540;4990;0,084351981;760
POL-13329;0,570707743;1;900;6370;0,188322147;2160
POL-13330;0,070137368;0;1210;4270;0,12057398;380
POL-13331;0,2566986;0;1060;9650;0,335066551;510
POL-13332;0,178859915;0;1520;8290;0,158408497;1020
POL-13333;0,452580073;1;940;2160;0,221735872;2000
POL-13334;0,075986278;0;1050;8180;0,3345083;530
POL-13335;0,198276744;0;920;5750;0,168116356;610
POL-13336;0,471258502;1;650;5410;0,157438062;1590
POL-13337;0,1946597;0;1380;8010;0,098721692;720
POL-13338;0,286607069;0;1260;6210;0,331491069;810
POL-13339;0,071716957;0;1300;5730;0,290223434;760
POL-13340;0,236965989;0;1450;3840;0,116303297;550
POL-13341;0,302308852;0;1280;8330;0,149802328;480
POL-13342;0,38235641;0;1140;8570;0,324473533;60
POL-13343;0,10368788;0;1310;6820;0,211183879;90
POL-13344;0,254347409;0;1120;4170;0,216900286;600
POL-13345;0,322756147;0;1530;7110;0,244443345;630
POL-13346;0,252314085;0;1160;7780;0,278649145;630
POL-13347;0,18522228;0;1220;6450;0,331785664;810
POL-13348;0,114982999;0;1410;8260;0,290667522;490
POL-13349;0,281075147;0;1830;6840;0,33036476;200
POL-13350;0,3237348;0;990;7110;0,296182927;450
POL-13351;0,405367904;1;950;9460;0,063930218;2820
POL-13352;0,13312641;0;1190;5520;0,085260386;540
POL-13353;0,405421802;1;1060;3360;0,315467878;3090
POL-13354;0,074239083;0;1420;6160;0,058308935;730
POL-13355;0,108429244;0;1300;5370;0,288252395;360
POL-13356;0,418846471;0;970;3660;0,30495312;140
POL-13357;0,236084922;0;1440;7740;0,174639369;290
POL-13358;0,372691767;0;1710;6500;0,156456426;850
POL-13359;0,540718025;1;1050;2860;0,108321266;4080
POL-13360;0,405172973;0;1330;9590;0,064675661;530
POL-13361;0,142495627;0;700;5040;0,273614887;180
POL-13362;0,262611699;0;1160;5270;0,072118125;690
POL-13363;0,716293801;1;1330;8380;0,333400888;5750
POL-13364;0,124603665;0;1210;7360;0,139023039;310
POL-13365;0,46382862;0;1280;8680;0,288273295;660
POL-13366;0,259760308;0;1060;2140;0,067904795;170
POL-13367;0,674356399;1;1570;5930;0,210883605;4350
POL-13368;0,26099386;0;1150;6770;0,154729861;380
POL-13369;0,239832108;0;940;9100;0,059000332;420
POL-13370;0,309731236;0;1240;4810;0,246739806;250
POL-13371;0,49372526;0;1480;5820;0,332948816;890
POL-13372;0,247838394;0;1390;6780;0,05322583;230
POL-13373;0,207458002;0;1120;8020;0,131131078;730
POL-13374;0,50072882;1;1690;4280;0,261081723;7730
POL-13375;0,224113565;0;1230;8120;0,311376117;290
POL-13376;0,36298398;0;820;5320;0,107233752;340
POL-13377;0,127511526;0;1400;7250;0,071215035;850
POL-13378;0,16290094;0;1220;6110;0,05259242;520
POL-13379;0,376672256;0;1230;7050;0,114561926;230
POL-13380;0,142384689;0;1470;6920;0,071395188;890
POL-13381;0,101771815;0;1180;9050;0,157814627;520
POL-13382;0,31295386;0;1180;6030;0,182037732;240
POL-13383;0,698077059;1;940;5900;0,193977142;2470
POL-13384;0,171544389;0;1120;8640;0,092698793;550
POL-13385;0,332581225;0;1310;9300;0,189196415;640
POL-13386;0,382775257;0;1100;5710;0,052715493;570
POL-13387;0,164966647;0;830;7880;0,121826326;520
POL-13388;0,116333873;0;1410;4790;0,160725815;830
POL-13389;0,160351751;0;1420;7900;0,085505473;630
POL-13390;0,205354166;0;1430;8340;0,294201379;100
POL-13391;0,39291431;0;1020;5950;0,110363718;550
POL-13392;0,116408819;0;1240;8720;0,276466913;850
POL-13393;0,543093429;1;1310;5970;0,192167912;2800
POL-13394;0,23432753;1;1400;6550;0,193922928;3030
POL-13395;0,246996161;0;1400;7280;0,243558301;770
POL-13396;0,262800856;0;900;4580;0,063283313;420
POL-13397;0,270930383;0;1680;3780;0,073627802;1090
POL-13398;0,372576643;0;950;7060;0,148053047;340
POL-13399;0,270144115;0;840;5020;0,17504675;330
POL-13400;0,466945751;1;520;4060;0,178982239;1870
POL-13401;0,319524531;1;1420;8040;0,253066139;7000
POL-13402;0,21519066;0;1610;9530;0,050211504;350
POL-13403;0,277597206;0;1090;8210;0,337731528;750
POL-13404;0,178111657;0;810;4130;0,102346223;150
POL-13405;0,29243223;1;1470;6860;0,124589503;5610
POL-13406;0,120188935;0;930;5880;0,321688155;340
POL-13407;0,299041917;0;1400;4790;0,05164742;670
POL-13408;0,19437985;0;1020;6670;0,347391824;340
POL-13409;0,345423085;0;1140;6360;0,060787201;320
POL-13410;0,173250857;0;1330;6030;0,086163656;530
POL-13411;0,397995954;1;1330;8480;0,122032014;5240
POL-13412;0,600099646;1;1280;9100;0,181616492;3880
POL-13413;0,310048758;0;1620;5850;0,20553546;430
POL-13414;0,327939272;0;1680;6140;0,081415541;830
POL-13415;0,142323199;0;1700;6000;0,07210217;880
POL-13416;0,262266151;0;1210;7530;0,059557711;570
POL-13417;0,191607512;0;1280;7160;0,12702521;160
POL-13418;0,363188794;0;1590;5080;0,326459892;640
POL-13419;0,253383108;0;1090;6240;0,166952756;600
POL-13420;0,560068896;1;1140;3510;0,279202218;3950
POL-13421;0,546080049;1;1260;3360;0,107056458;2590
POL-13422;0,310561389;0;1250;4140;0,069403768;230
POL-13423;0,023437062;0;1180;6000;0,216283937;740
POL-13424;0,322915303;1;1020;7720;0,29662772;4070
POL-13425;0,246795224;1;1460;4940;0,319537975;6280
POL-13426;0,173841625;0;1150;6250;0,213861381;630
POL-13427;0,477324221;1;1290;6940;0,138209685;6020
POL-13428;0,072984935;0;1250;9570;0,082853524;620
POL-13429;0,270208749;0;1420;6610;0,250346856;530
POL-13430;0,251259719;0;1360;6700;0,134131045;490
POL-13431;0,05788827;0;1190;5290;0,303188727;740
POL-13432;0,332030505;0;1150;10170;0,231536336;530
POL-13433;0,240013649;0;1220;8030;0,307663569;250
POL-13434;0,378891138;1;970;4280;0,219995903;4770
POL-13435;0,071074763;0;1050;9500;0,281522709;690
POL-13436;0,323008545;0;1380;7930;0,138291545;210
POL-13437;0,407118545;1;1320;6970;0,200917637;4160
POL-13438;0,432280698;0;1010;7820;0,055821912;380
POL-13439;0,053535676;0;1220;8770;0,232349523;170
POL-13440;0,140140451;0;860;4990;0,210121804;480
POL-13441;0,189646476;0;1280;5720;0,276584697;820
POL-13442;0,408850741;0;1170;6420;0,26868679;150
POL-13443;0,296428699;0;1770;4020;0,238285101;170
POL-13444;0,206362288;1;1400;7960;0,067005624;4080
POL-13445;0,579339066;1;1010;5950;0,320902912;2140
POL-13446;0,091380216;0;1010;5730;0,055405757;490
POL-13447;0,201055038;0;1410;5210;0,290980298;480
POL-13448;0,357227286;0;1470;6430;0,193803905;470
POL-13449;0,334952554;0;1710;6810;0,295398069;420
POL-13450;0,357607995;1;1540;8490;0,189520962;3660
POL-13451;0,23291347;0;1370;8550;0,244081342;210
POL-13452;0,305550757;0;1610;4230;0,158979652;830
POL-13453;0,058574914;0;1270;7420;0,273103621;520
POL-13454;0,156798057;0;1260;8960;0,126252853;760
POL-13455;0,179515433;0;950;6050;0,265806774;620
POL-13456;0,315662765;0;1630;6160;0,108014795;1040
POL-13457;0,120803971;0;1280;5710;0,266650305;560
POL-13458;0,375962326;0;1230;7580;0,138101392;320
POL-13459;0,215345887;0;1050;7070;0,133589532;300
POL-13460;0,33724353;0;1560;8460;0,293448181;740
POL-13461;0,15530723;0;1500;6280;0,294107791;770
POL-13462;0,237679057;0;1020;9020;0,257420711;160
POL-13463;0,230008282;0;1380;7700;0,327172589;960
POL-13464;0,216035034;0;1450;8850;0,096858108;170
POL-13465;0,546162414;1;940;5310;0,130796396;3340
POL-13466;0,354359507;0;1410;9640;0,138204226;560
POL-13467;0,265065017;0;1360;5390;0,141585901;590
POL-13468;0,27124114;0;1410;5480;0,148409595;560
POL-13469;0,20870622;0;1750;5710;0,259102753;150
POL-13470;0,383187669;1;1990;5500;0,131227443;5390
POL-13471;0,107073313;0;1560;10290;0,135776646;1070
POL-13472;0,518016578;1;1320;7540;0,221124375;5240
POL-13473;0,166157498;0;1410;7490;0,108007657;260
POL-13474;0,145278339;0;1360;2720;0,159466252;230
POL-13475;0,446377715;0;1840;9070;0,067382117;160
POL-13476;0,063552804;0;1280;4420;0,335764132;570
POL-13477;0,581188761;1;1150;6430;0,145192303;4130
POL-13478;0,206822133;0;1390;5090;0,30501264;450
POL-13479;0,467110246;0;1770;6980;0,208983678;690
POL-13480;0,35582905;0;1010;9570;0,118463647;620
POL-13481;0,289445172;0;1080;4580;0,108028272;100
POL-13482;0,502638125;1;1070;5060;0,258488223;3860
POL-13483;0,203765962;0;950;6780;0,339460642;480
POL-13484;0,403388476;0;1010;9640;0,104920916;690
POL-13485;0,331635279;0;1490;5650;0,084626365;790
POL-13486;0,267478884;0;1300;5070;0,166129804;530
POL-13487;0,19748524;0;930;6830;0,168143164;510
POL-13488;0,039234333;0;1420;6510;0,291875892;990
POL-13489;0,245758638;0;1340;4450;0,190666788;840
POL-13490;0,412371859;1;1490;5690;0,068738357;5360
POL-13491;0,229731199;0;1100;2560;0,326200308;470
POL-13492;0,305902135;0;940;6440;0,161956368;530
POL-13493;0,121626627;0;1420;4010;0,250559519;690
POL-13494;0,049136517;0;1460;11440;0,250246481;470
POL-13495;0,211990344;0;970;7610;0,066902624;250
POL-13496;0,4080232;0;1310;7010;0,051081398;600
POL-13497;0,289482445;1;1100;7550;0,076411109;5170
POL-13498;0,142944479;0;1490;5520;0,33695934;450
POL-13499;0,068811993;0;1420;6220;0,288197885;840
POL-13500;0,478050644;1;1550;7510;0,089603683;6330
POL-13501;0,25899378;0;1040;4550;0,234460959;490
POL-13502;0,292436462;0;1080;7870;0,233592125;670
POL-13503;0,385564921;0;1160;10710;0,050167728;530
POL-13504;0,018165325;0;1120;3540;0,178719281;410
POL-13505;0,194613812;0;1340;7570;0,263532641;100
POL-13506;0,110488091;0;980;4860;0,106037854;480
POL-13507;0,108493863;0;1630;7880;0,30527115;1140
POL-13508;0,19766178;0;1690;7180;0,248091468;970
POL-13509;0,256558354;0;1530;10260;0,052077289;710
POL-13510;0,396787973;0;1380;9900;0,306474254;490
POL-13511;0,408432249;0;1220;3600;0,055820009;240
POL-13512;0,150992926;0;1300;8030;0,316378641;650
POL-13513;0,327957874;0;1060;7990;0,150115657;180
POL-13514;0,193847248;0;1290;8880;0,259595077;810
POL-13515;0,418965142;1;1330;7440;0,286229291;5450
POL-13516;0,395567529;1;1040;7690;0,134380646;2920
POL-13517;0,111187583;0;1660;4430;0,15693105;320
POL-13518;0,29224287;0;1230;7340;0,202862523;450
POL-13519;0,113756433;0;990;6070;0,22480746;490
POL-13520;0,274796309;0;1200;7870;0,137612572;300
POL-13521;0,778006949;1;1100;6310;0,347718611;2730
POL-13522;0,165773289;0;1040;7390;0,271101402;470
POL-13523;0,27669645;0;1640;7730;0,132245603;480
POL-13524;0,273405259;1;1250;7770;0,242129657;6100
POL-13525;0,192562902;0;1510;5010;0,18061136;920
POL-13526;0,378782245;0;1350;11340;0,308098667;80
POL-13527;0,709098499;1;1370;7010;0,148685021;6350
POL-13528;0,217980532;0;1250;7760;0,106356196;400
POL-13529;0,1925112;0;1140;6620;0,063840878;590
POL-13530;0,528933844;0;1570;4280;0,34529277;600
POL-13531;0,259557054;0;1410;8070;0,157766502;150
POL-13532;0,304755233;0;1200;7040;0,116155541;830
POL-13533;0,097476482;0;1500;8280;0,197530542;160
POL-13534;0,188357459;0;1630;5170;0,137491797;250
POL-13535;0,065679467;1;1340;5840;0,11987001;3440
POL-13536;0,188488756;1;1640;7040;0,23491535;4780
POL-13537;0,179427821;0;1130;6600;0,072454522;270
POL-13538;0,274091192;0;1030;5930;0,202697885;430
POL-13539;0,432685117;0;1160;7040;0,16622939;450
POL-13540;0,344356028;1;1260;9360;0,20975879;4420
POL-13541;0,053912452;0;1640;7420;0,146132187;820
POL-13542;0,13919568;0;1150;8850;0,221096276;430
POL-13543;0,182598742;0;1350;6160;0,074545563;570
POL-13544;0,246783487;0;1530;6610;0,162847687;290
POL-13545;0,048914757;0;1370;6990;0,121249582;890
POL-13546;0,458295625;1;1130;5610;0,181426914;2550
POL-13547;0,15870854;0;930;7000;0,169500832;460
POL-13548;0,151251694;0;1550;9640;0,239355099;970
POL-13549;0,295980923;0;990;9990;0,238627318;100
POL-13550;0,068315052;0;1160;9250;0,174009424;80
POL-13551;0,086841046;0;1260;7110;0,104486947;340
POL-13552;0,276934635;0;1570;5060;0,224574095;880
POL-13553;0,268516742;0;1500;11390;0,339954611;770
POL-13554;0,428840433;1;1290;5470;0,105632817;6300
POL-13555;0,06673931;0;1550;9550;0,070717754;480
POL-13556;0,519731656;1;1610;7230;0,129368356;3080
POL-13557;0,256063624;0;1130;4430;0,1738761;330
POL-13558;0,190945879;0;1150;3540;0,141856527;660
POL-13559;0,228368803;0;1440;9280;0,300412913;400
POL-13560;0,573906871;1;1670;5350;0,197908302;4950
POL-13561;0,251097622;0;1080;3980;0,123838364;290
POL-13562;0,347638937;0;790;5960;0,335059717;140
POL-13563;0,096909928;0;1410;6490;0,087518846;190
POL-13564;0,182090668;0;1590;7240;0,086873433;460
POL-13565;0,412008872;0;1280;7140;0,123585458;190
POL-13566;0,146171674;0;1910;5040;0,073031636;720
POL-13567;0,424987276;0;1040;6500;0,275495805;80
POL-13568;0,20720542;0;1060;9940;0,14384325;350
POL-13569;0,605084038;1;1060;4390;0,268951398;3440
POL-13570;0,569906762;0;1270;7440;0,27882124;360
POL-13571;0,369722326;0;1280;4390;0,121255565;180
POL-13572;0,100908938;0;1060;5680;0,205509092;260
POL-13573;0,048605603;0;1530;8760;0,205877653;860
POL-13574;0,086139688;0;1320;2430;0,311409324;340
POL-13575;0,147519673;0;990;10700;0,057689255;300
POL-13576;0,448461731;1;1400;3910;0,145040103;5040
POL-13577;0,130538302;0;1140;2480;0,314746814;250
POL-13578;0,32281915;0;1280;6540;0,121040967;460
POL-13579;0,20683859;0;1470;5640;0,091063997;130
POL-13580;0,330509092;0;1500;5260;0,222841728;240
POL-13581;0,24223577;0;1480;7780;0,141763029;280
POL-13582;0,191412175;0;1260;4650;0,190188348;440
POL-13583;0,055468886;0;1010;7640;0,29600383;590
POL-13584;0,22360399;0;1170;8150;0,206209093;330
POL-13585;0,302354179;0;1260;3760;0,204766935;370
POL-13586;0,22178893;0;1640;8550;0,133454803;400
POL-13587;0,101222285;0;1120;8050;0,287859669;290
POL-13588;0,17185775;0;1300;9600;0,271944387;410
POL-13589;0,552030647;1;940;6510;0,120236154;2820
POL-13590;0,286958228;0;1340;4830;0,146001356;90
POL-13591;0,233873094;0;1240;9010;0,286588458;570
POL-13592;0,109271852;0;1220;6600;0,157315341;760
POL-13593;0,390307433;0;1460;10150;0,171067885;470
POL-13594;0,405901534;1;1080;7920;0,159323681;4160
POL-13595;0,470882946;0;1600;6450;0,098489758;690
POL-13596;0,25101088;1;1060;4740;0,152268961;3640
POL-13597;0,639136133;1;1590;6290;0,290880591;5970
POL-13598;0,397601595;0;850;8370;0,197322606;160
POL-13599;0,186449671;0;1330;3480;0,187465245;120
POL-13600;0,140421129;0;1400;5690;0,096905353;770
POL-13601;0,207867926;0;1160;3270;0,103270952;460
POL-13602;0,23506327;0;1320;4420;0,062885049;740
POL-13603;0,158472118;0;1160;5280;0,054186659;280
POL-13604;0,463728749;0;1360;5960;0,196404211;780
POL-13605;0,142451968;0;1310;7210;0,172769707;330
POL-13606;0,294638826;0;1800;7900;0,132613272;230
POL-13607;0,426062214;0;910;9270;0,347013962;360
POL-13608;0,218710509;0;1300;9710;0,169398859;860
POL-13609;0,273085295;0;1140;8870;0,28665407;360
POL-13610;0,496987193;0;1280;5740;0,113163678;490
POL-13611;0,06189969;0;1220;6970;0,124112363;420
POL-13612;0,150865128;0;1160;5380;0,22051741;400
POL-13613;0,450371117;0;1120;7000;0,051208481;210
POL-13614;0,034318303;0;1430;6180;0,055227639;460
POL-13615;0,419152377;1;1160;4220;0,092665616;5540
POL-13616;0,698813956;1;1240;9400;0,116936312;4390
POL-13617;0,051328414;0;1300;9920;0,208354855;180
POL-13618;0,137756787;0;1070;4980;0,255868829;450
POL-13619;0,482523013;0;1400;7540;0,143563599;670
POL-13620;0,173084746;0;1010;5070;0,121721281;300
POL-13621;0,203292537;0;1370;6340;0,296843354;560
POL-13622;0,372093164;0;1350;5440;0,098833095;690
POL-13623;0,244881192;0;1220;5250;0,253497967;430
POL-13624;0,150931343;0;980;6880;0,329399155;260
POL-13625;0,214883965;0;1250;2870;0,119663273;730
POL-13626;0,084690854;0;990;5450;0,07608961;690
POL-13627;0,048226436;0;1220;14530;0,343927668;230
POL-13628;0,285195112;0;1450;3420;0,131232139;910
POL-13629;0,194061546;0;1250;5740;0,132698963;510
POL-13630;0,064507106;0;1560;7080;0,195131687;530
POL-13631;0,148225832;0;1320;6140;0,119317298;830
POL-13632;0,12006194;0;1440;4970;0,347861707;920
POL-13633;0,431654818;1;1430;8440;0,062889766;6420
POL-13634;0,087586084;0;1600;6800;0,185441924;450
POL-13635;0,395596202;1;920;5250;0,214504021;2500
POL-13636;0,196304762;0;1120;8210;0,190085257;410
POL-13637;0,240483562;0;1260;5450;0,206156892;300
POL-13638;0,323832309;0;1450;4750;0,346273743;980
POL-13639;0,180528743;0;1290;7680;0,313070475;250
POL-13640;0,545742711;0;1250;3890;0,142533104;560
POL-13641;0,197219519;0;1510;10020;0,215443115;500
POL-13642;0,257326695;0;1170;9530;0,050093304;400
POL-13643;0,096636316;0;1150;7590;0,1728707;140
POL-13644;0,354968865;0;1380;5340;0,099162267;300
POL-13645;0,060118308;0;1850;4360;0,263408177;290
POL-13646;0,229354059;0;1250;1350;0,116326873;670
POL-13647;0,195188168;0;1090;9730;0,274668694;550
POL-13648;0,189453133;0;1110;4560;0,14394795;630
POL-13649;0,324070308;0;1160;7210;0,327748586;590
POL-13650;0,439762677;1;1580;6900;0,183624981;6860
POL-13651;0,014014561;0;1160;3150;0,301855316;800
POL-13652;0,28755654;0;1330;5290;0,238449801;230
POL-13653;0,376939289;0;1230;4230;0,343219464;340
POL-13654;0,106111852;0;920;8090;0,272816825;470
POL-13655;0,264820976;1;1170;8170;0,268310997;4010
POL-13656;0,169771934;0;630;6010;0,129459795;100
POL-13657;0,457008183;1;1290;4810;0,201457925;2510
POL-13658;0,172524392;0;1370;6880;0,137034107;360
POL-13659;0,307423826;0;1040;8710;0,055788031;500
POL-13660;0,265600225;0;1110;3540;0,2631756;680
POL-13661;0,314793866;0;910;10730;0,12075095;620
POL-13662;0,343653051;0;700;6010;0,169197209;130
POL-13663;0,273135331;0;870;6260;0,135391636;110
POL-13664;0,317351276;0;1410;9710;0,109890757;750
POL-13665;0,408428229;0;1170;6390;0,070135797;200
POL-13666;0,328735972;0;1300;6290;0,151366973;560
POL-13667;0,446106166;0;1760;4670;0,074523477;700
POL-13668;0,083846145;0;1500;5350;0,212095742;620
POL-13669;0,332223144;0;1380;5090;0,055887231;650
POL-13670;0,149872979;0;1130;2970;0,332005964;680
POL-13671;0,409499527;0;1640;2340;0,339942506;370
POL-13672;0,119215322;0;1560;6040;0,141396154;640
POL-13673;0,483722008;1;1470;3740;0,128058392;6240
POL-13674;0,283246457;0;1250;7810;0,08132156;320
POL-13675;0,494466968;1;1020;6060;0,321475678;2660
POL-13676;0,550757627;0;1630;3310;0,226059178;720
POL-13677;0,238196685;0;1470;9550;0,233037477;1000
POL-13678;0,226356636;0;1200;5650;0,318756939;650
POL-13679;0,319880705;0;1180;7530;0,323236038;250
POL-13680;0,263106176;0;940;9790;0,298502501;480
POL-13681;0,265001759;0;1440;6430;0,282032468;350
POL-13682;0,415667562;0;1290;6530;0,313172367;700
POL-13683;0,434476639;1;1350;9380;0,312791182;3010
POL-13684;0,098462534;0;1480;5910;0,160593457;400
POL-13685;0,466612095;1;1430;8650;0,342017366;3520
POL-13686;0,028260688;0;1030;6350;0,262739664;260
POL-13687;0,159913883;0;1260;6840;0,16106283;230
POL-13688;0,315843508;0;1350;6810;0,182614855;610
POL-13689;0,11799248;0;1370;5760;0,256139317;330
POL-13690;0,297547861;1;850;5430;0,158329673;2180
POL-13691;0,425754992;0;1000;5190;0,297967314;400
POL-13692;0,470601592;1;1410;3910;0,094419086;4580
POL-13693;0,256420322;0;1410;5610;0,32227829;480
POL-13694;0,283347328;1;1650;5970;0,140359254;6840
POL-13695;0,573395007;1;860;7320;0,095813836;3120
POL-13696;0,132557912;0;1470;6320;0,307407284;440
POL-13697;0,288309319;0;1340;8650;0,121838972;360
POL-13698;0,172673624;0;990;8560;0,303018721;690
POL-13699;0,3401671;0;810;9190;0,138879321;60
POL-13700;0,685229919;1;1490;6100;0,330159286;3700
POL-13701;0,177972788;0;1000;5480;0,115723292;90
POL-13702;0,370173073;0;920;3770;0,070894997;560
POL-13703;0,320596227;0;1360;9120;0,330959349;440
POL-13704;0,159106783;0;1250;4190;0,099687723;710
POL-13705;0,583385768;1;1390;4700;0,333239763;5860
POL-13706;0,344490776;1;1360;6950;0,297193205;4850
POL-13707;0,195677156;0;2090;5880;0,074577617;140
POL-13708;0,252430193;0;1430;9390;0,18354056;260
POL-13709;0,100269303;0;1410;4960;0,072019897;710
POL-13710;0,377242324;0;1030;6560;0,148935969;440
POL-13711;0,380342439;1;1640;2790;0,155450923;8110
POL-13712;0,305388086;0;1120;8960;0,229889999;470
POL-13713;0,270033551;1;1020;3150;0,34276867;4350
POL-13714;0,393264415;0;1200;11480;0,100929032;790
POL-13715;0,530964027;1;1360;6270;0,148745289;5610
POL-13716;0,457591314;1;1130;5930;0,226130748;4440
POL-13717;0,059115052;0;1030;6440;0,101426257;330
POL-13718;0,103455263;0;1030;4350;0,263212899;390
POL-13719;0,265138772;0;1300;7820;0,171097915;370
POL-13720;0,355929783;0;1390;5680;0,334871689;110
POL-13721;0,349948251;0;1410;5870;0,238961284;500
POL-13722;0,291845357;0;860;9070;0,158924213;590
POL-13723;0,178515033;0;1040;3060;0,265841936;100
POL-13724;0,264469312;0;1480;6110;0,301626373;860
POL-13725;0,260289016;0;1140;6280;0,290143929;200
POL-13726;0,184129063;0;1300;6780;0,128829318;550
POL-13727;0,027650445;0;1910;5390;0,175095006;580
POL-13728;0,114402037;0;690;5860;0,185653298;190
POL-13729;0,350993917;0;1220;10200;0,166515018;750
POL-13730;0,212607324;0;1430;7500;0,143259075;980
POL-13731;0,210417701;0;1000;4940;0,27582434;300
POL-13732;0,556489377;1;1220;7800;0,053667273;2450
POL-13733;0,340322508;0;950;6590;0,138063269;390
POL-13734;0,114071634;0;1390;7980;0,092485177;140
POL-13735;0,078704903;0;1080;6090;0,088630795;80
POL-13736;0,365863799;0;1140;4880;0,1330876;630
POL-13737;0,141913951;0;1470;3160;0,278645927;450
POL-13738;0,074583497;0;1390;8800;0,340826561;350
POL-13739;0,255726521;0;1490;7870;0,20438554;1030
POL-13740;0,216130436;0;1690;7210;0,151691545;180
POL-13741;0,457496407;0;1270;7800;0,29875114;290
POL-13742;0,328426856;0;1780;8970;0,070131028;1080
POL-13743;0,292767742;0;1300;3130;0,077950383;420
POL-13744;0,090195501;0;1580;6670;0,153609894;680
POL-13745;0,54052226;1;1240;2880;0,18452255;5860
POL-13746;0,436405294;0;1460;5710;0,289351361;950
POL-13747;0,688670427;1;1140;7160;0,327579182;3200
POL-13748;0,431139286;0;1580;5800;0,20938296;300
POL-13749;0,252848912;0;1540;10020;0,198693401;230
POL-13750;0,176864356;0;1200;5920;0,113903306;450
POL-13751;0,391432239;1;1290;4960;0,185354463;3450
POL-13752;0,431392555;0;1010;6560;0,327093269;230
POL-13753;0,062106006;0;1480;4430;0,167869861;210
POL-13754;0,251805012;0;1460;4750;0,113204746;460
POL-13755;0,059045879;0;940;8370;0,151188509;650
POL-13756;0,259936891;0;1790;8480;0,204378384;100
POL-13757;0,450719645;0;1350;6810;0,229575509;510
POL-13758;0,425942836;0;1190;7720;0,179728964;580
POL-13759;0,032793429;0;1550;10680;0,277560854;890
POL-13760;0,312325533;0;1120;6380;0,225336015;600
POL-13761;0,08787644;0;1580;4770;0,24951444;160
POL-13762;0,130246062;0;960;7570;0,308875677;340
POL-13763;0,32322131;0;1190;8170;0,309706571;120
POL-13764;0,239409227;0;1230;8370;0,111052494;560
POL-13765;0,115057918;0;1110;8790;0,237003423;110
POL-13766;0,298594996;0;1070;8490;0,264992258;90
POL-13767;0,306292858;0;1130;7540;0,093755886;280
POL-13768;0,101788462;0;1120;7770;0,302830951;740
POL-13769;0,320621187;0;1130;7320;0,104140959;580
POL-13770;0,294932659;1;1610;3320;0,289783827;7080
POL-13771;0,436373255;0;1360;3060;0,098439727;320
POL-13772;0,486343368;1;1230;4390;0,272533561;4370
POL-13773;0,256564558;0;1440;8140;0,094444394;350
POL-13774;0,387760982;0;1230;5620;0,163648793;610
POL-13775;0,253272574;0;1050;6770;0,09305484;570
POL-13776;0,23252041;0;850;9630;0,131214529;490
POL-13777;0,419066253;0;1500;8670;0,345354433;960
POL-13778;0,438665965;0;690;2150;0,082302697;200
POL-13779;0,28853294;0;870;7960;0,171939448;530
POL-13780;0,458202825;0;1380;6610;0,253075802;720
POL-13781;0,283505548;0;1250;5190;0,078379571;500
POL-13782;0,126572952;0;1610;5840;0,082709896;1080
POL-13783;0,275636709;0;1090;5870;0,092978862;730
POL-13784;0,222500752;0;1440;3880;0,243495913;910
POL-13785;0,347189991;0;1210;6990;0,322801075;220
POL-13786;0,200975468;0;1390;10850;0,297796836;260
POL-13787;0,334972587;0;1290;8530;0,344916572;820
POL-13788;0,267119225;0;1380;2450;0,223441365;430
POL-13789;0,357052833;0;1300;7080;0,338443191;740
POL-13790;0,243334374;0;1320;7080;0,14148025;660
POL-13791;0,01488679;0;980;4510;0,176451378;530
POL-13792;0,237647443;0;1270;4080;0,16881241;90
POL-13793;0,195253305;0;1400;8300;0,064207244;460
POL-13794;0,697392666;1;1240;6710;0,298911581;4910
POL-13795;0,503631046;1;1220;5550;0,057415457;5340
POL-13796;0,230533342;0;780;7710;0,268962875;390
POL-13797;0,326276069;0;1630;10730;0,172119435;880
POL-13798;0,131309363;0;910;7020;0,051874315;120
POL-13799;0,199740051;0;1100;7080;0,136984071;170
POL-13800;0,24865703;0;1050;6460;0,153838309;550
POL-13801;0,676615229;1;1320;5720;0,339410741;5120
POL-13802;0,110526383;0;1340;8140;0,248323729;360
POL-13803;0,421835634;0;1410;6110;0,213071477;910
POL-13804;0,378775231;0;1430;7500;0,088115169;610
POL-13805;0,156441658;0;1680;9500;0,167331302;1080
POL-13806;0,497607124;0;1170;7990;0,060729306;290
POL-13807;0,381181778;0;1040;3950;0,278505626;480
POL-13808;0,39822848;0;1190;3840;0,098833011;280
POL-13809;0,334435678;1;970;9010;0,22833071;4580
POL-13810;0,359932967;0;1160;6280;0,259817461;800
POL-13811;0,181773285;0;860;7020;0,159952738;140
POL-13812;0,424235522;0;1040;4920;0,239777946;180
POL-13813;0,456472854;0;830;7730;0,279269858;500
POL-13814;0,189549971;0;1550;10280;0,105237139;890
POL-13815;0,40883236;0;1280;6800;0,230258099;880
POL-13816;0,203962217;0;1720;7800;0,270164941;170
POL-13817;0,283238564;0;1530;8990;0,157114427;170
POL-13818;0,15930928;0;1550;9860;0,098747347;530
POL-13819;0,149588598;0;1220;5140;0,135834806;530
POL-13820;0,219995069;0;1370;7330;0,3299224;100
POL-13821;0,275848657;0;1030;9050;0,157234386;160
POL-13822;0,138229108;0;1120;9610;0,082310176;570
POL-13823;0,342804018;1;1250;5650;0,074817952;2620
POL-13824;0,125753261;0;820;5160;0,10414852;90
POL-13825;0,30649182;0;1120;6190;0,088253701;730
POL-13826;0,364156533;0;1450;5860;0,198513098;310
POL-13827;0,216439823;0;1130;5940;0,154265433;710
POL-13828;0,473130225;0;1070;7320;0,302421696;700
POL-13829;0,280632656;0;1150;5420;0,31432356;420
POL-13830;0,280493423;0;1440;9620;0,191983816;460
POL-13831;0,383694758;1;1340;5690;0,316558131;3330
POL-13832;0,338289088;0;1190;5300;0,185138492;680
POL-13833;0,283628606;0;1250;4160;0,242588637;220
POL-13834;0,085059664;0;1460;9010;0,09876045;660
POL-13835;0,316927925;0;1580;3910;0,065774769;660
POL-13836;0,056185317;0;1130;7410;0,098025553;240
POL-13837;0,161415462;0;1230;7890;0,125553571;850
POL-13838;0,11111243;0;1560;670;0,275294568;940
POL-13839;0,332776457;0;1380;3880;0,102051573;90
POL-13840;0,203850542;0;900;5740;0,089196409;290
POL-13841;0,303190238;0;1030;10290;0,328282814;290
POL-13842;0,121372497;0;1030;5740;0,256640727;640
POL-13843;0,17230512;0;1150;5490;0,191991676;260
POL-13844;0,124901285;0;1340;5000;0,078490518;940
POL-13845;0,57961829;1;1720;4970;0,305537273;3830
POL-13846;0,152001569;0;1230;5230;0,082477529;260
POL-13847;0,164236537;0;1410;5160;0,23331396;680
POL-13848;0,490933892;1;1530;5070;0,250302948;6660
POL-13849;0,318677907;0;1620;5070;0,170041642;1020
POL-13850;0,339422813;1;1530;5740;0,323365018;6800
POL-13851;0,174152396;0;1060;8400;0,065210184;730
POL-13852;0,337062608;1;890;4260;0,295435072;3560
POL-13853;0,199463636;0;1090;5210;0,216138319;650
POL-13854;0,33179057;0;1290;5460;0,233361117;410
POL-13855;0,402165395;0;1060;6500;0,346047669;410
POL-13856;0,236522887;0;840;4970;0,224794341;290
POL-13857;0,5331834;0;950;10650;0,289108396;660
POL-13858;0,368402578;1;2000;7670;0,09605923;8390
POL-13859;0,247996435;1;1200;8450;0,292786878;3370
POL-13860;0,667019294;1;1700;6980;0,278321872;7660
POL-13861;0,075502016;0;1190;9310;0,340433022;350
POL-13862;0,159898879;0;1450;4210;0,33071319;450
POL-13863;0,3566273;1;1210;5390;0,114195964;5170
POL-13864;0,303409755;0;1250;4870;0,189479939;800
POL-13865;0,026233061;0;1440;6160;0,323444953;350
POL-13866;0,245223096;0;1150;9670;0,242229521;770
POL-13867;0,379240472;1;950;10900;0,189110118;3600
POL-13868;0,267130379;0;1050;8410;0,082681628;610
POL-13869;0,494403343;0;1050;6300;0,15552727;240
POL-13870;0,182367378;0;1270;8740;0,249571985;120
POL-13871;0,5541385;1;780;9470;0,283074345;1860
POL-13872;0,220666881;1;1330;8850;0,184150074;2650
POL-13873;0,402103848;0;1570;6230;0,066753348;480
POL-13874;0,182662748;0;1120;6290;0,239951655;370
POL-13875;0,690096029;1;1090;5180;0,326475918;2960
POL-13876;0,193477233;0;1740;6010;0,198923225;380
POL-13877;0,480322216;0;1620;4900;0,32852741;330
POL-13878;0,265369782;0;1360;6370;0,156230217;500
POL-13879;0,644246404;1;1060;6450;0,315909731;4340
POL-13880;0,142854056;0;1400;4770;0,285901926;650
POL-13881;0,384120463;0;1000;11870;0,338522465;580
POL-13882;0,630455085;1;920;7090;0,287306371;4030
POL-13883;0,286264561;0;1360;9080;0,146443925;480
POL-13884;0,309616039;1;1130;8900;0,320170258;4980
POL-13885;0,232218574;0;740;10390;0,250919323;50
POL-13886;0,036358864;0;1400;4690;0,098620798;900
POL-13887;0,082768452;0;1620;5410;0,063789524;670
POL-13888;0,425803632;1;1410;2870;0,159753681;2830
POL-13889;0,213085841;0;1130;3260;0,286059245;270
POL-13890;0,157488623;0;710;4480;0,235464379;340
POL-13891;0,833372759;1;1290;6200;0,208138148;3020
POL-13892;0,10685249;0;1090;6310;0,05111829;190
POL-13893;0,203370178;0;1020;12850;0,180650211;320
POL-13894;0,023036282;0;760;7510;0,097317017;370
POL-13895;0,104835131;0;1720;8440;0,186370219;420
POL-13896;0,399774797;1;980;6780;0,347531097;3030
POL-13897;0,248518425;0;790;3870;0,313861647;170
POL-13898;0,379799561;0;1670;7090;0,143189181;160
POL-13899;0,524109754;1;1260;3270;0,228052218;4860
POL-13900;0,20040417;0;1220;6140;0,20062857;640
POL-13901;0,097828039;0;1330;7800;0,089014102;250
POL-13902;0,277419588;0;1360;5330;0,346941955;730
POL-13903;0,319562806;0;1300;6890;0,177552547;630
POL-13904;0,340764071;0;870;5300;0,201697711;330
POL-13905;0,717453473;1;850;4290;0,244279794;3180
POL-13906;0,684125513;1;1070;7480;0,10746336;4040
POL-13907;0,2814819;0;1120;8590;0,116667981;470
POL-13908;0,206376109;0;1160;8580;0,107767528;480
POL-13909;0,149344457;0;1310;6020;0,165339663;300
POL-13910;0,476632627;1;1180;2150;0,109903087;2720
POL-13911;0,156080654;0;1080;6680;0,32791879;680
POL-13912;0,417803696;0;1350;9040;0,264294214;720
POL-13913;0,340096466;0;1430;3870;0,319350671;190
POL-13914;0,187073287;0;1050;10060;0,304545239;530
POL-13915;0,300817217;0;910;2380;0,260945585;200
POL-13916;0,250421462;0;1300;7290;0,122823857;220
POL-13917;0,187731317;0;1140;8160;0,234595659;620
POL-13918;0,156282065;0;1460;9440;0,105889658;980
POL-13919;0,381152048;0;1000;7420;0,089742815;120
POL-13920;0,203058029;0;950;5850;0,239772573;150
POL-13921;0,188283702;0;1090;6840;0,237387678;210
POL-13922;0,192280965;0;1380;5140;0,096986643;930
POL-13923;0,280417773;0;1160;2520;0,155728309;580
POL-13924;0,490666529;1;1230;6020;0,069884352;4750
POL-13925;0,185868752;0;1130;7480;0,264719934;430
POL-13926;0,269957223;0;1500;8550;0,346248695;600
POL-13927;0,514021951;0;1370;5530;0,271971847;330
POL-13928;0,232419468;0;870;9450;0,303245651;130
POL-13929;0,15086771;0;1480;6160;0,192902973;820
POL-13930;0,242500058;0;1400;7460;0,078675224;500
POL-13931;0,366246893;0;1520;7990;0,267981957;330
POL-13932;0,180921252;0;1120;6610;0,12695606;520
POL-13933;0,261311551;0;1020;6320;0,166488186;190
POL-13934;0,432686768;1;1230;9610;0,260929775;3080
POL-13935;0,347179058;0;1290;3100;0,321435358;220
POL-13936;0,039023275;0;1550;6580;0,195874715;840
POL-13937;0,445133859;0;1410;2830;0,338481672;360
POL-13938;0,151357425;0;1290;2900;0,205971058;430
POL-13939;0,16232155;0;1220;6390;0,086753135;660
POL-13940;0,294256039;1;1250;5450;0,205530124;2300
POL-13941;0,366302495;0;1150;10660;0,308188312;360
POL-13942;0,667430892;1;1420;5990;0,21141354;6480
POL-13943;0,122978216;0;890;8770;0,274326604;580
POL-13944;0,330420596;0;1250;6600;0,214387284;70
POL-13945;0,403602069;0;1510;4100;0,213816368;800
POL-13946;0,231686255;0;970;2970;0,13542827;640
POL-13947;0,554167301;1;1740;3770;0,110378145;7470
POL-13948;0,651311598;1;980;7160;0,133675639;3300
POL-13949;0,336515737;0;1120;9690;0,182251367;240
POL-13950;0,089214663;0;1510;4670;0,292877033;380
POL-13951;0,085781624;0;1610;8180;0,298697332;550
POL-13952;0,309640021;0;1340;6140;0,099013345;520
POL-13953;0,349798434;0;1330;4370;0,215856474;690
POL-13954;0,508770141;0;1700;7210;0,174808317;1080
POL-13955;0,289506265;0;910;9680;0,221280718;320
POL-13956;0,243606352;0;820;6350;0,244287016;440
POL-13957;0,314317542;0;770;8160;0,133883598;100
POL-13958;0,276785662;0;1040;7120;0,325772715;270
POL-13959;0,200106816;0;1070;7120;0,330634447;140
POL-13960;0,621283719;0;1350;4890;0,081607323;670
POL-13961;0,312838398;0;1500;7480;0,260905544;960
POL-13962;0,090723319;0;1480;3580;0,059969619;930
POL-13963;0,271746585;0;1470;7220;0,063969139;390
POL-13964;0,452458325;1;1010;9250;0,337339974;4810
POL-13965;0,343914278;0;1350;10110;0,25845594;310
POL-13966;0,175407664;0;1070;4420;0,147362489;250
POL-13967;0,620684937;1;1400;7380;0,2509633;2870
POL-13968;0,400815355;0;1260;5090;0,303750515;170
POL-13969;0,12836461;0;1470;6780;0,311271043;280
POL-13970;0,094293474;0;1840;10340;0,056155934;100
POL-13971;0,177586928;0;1240;8260;0,295468402;100
POL-13972;0,035306834;0;970;5200;0,305960815;490
POL-13973;0,573832188;1;840;5080;0,228671061;3780
POL-13974;0,254378097;0;1030;6530;0,193971153;680
POL-13975;0,10076762;0;1520;6670;0,083299675;470
POL-13976;0,27050469;0;1370;6770;0,121884152;460
POL-13977;0,089284923;0;1310;3520;0,197145536;120
POL-13978;0,453075097;0;1350;10500;0,309523913;200
POL-13979;0,378137319;0;1430;10700;0,290940307;710
POL-13980;0,391301887;0;860;7460;0,198778874;170
POL-13981;0,289819874;1;1500;4760;0,285688107;6560
POL-13982;0,346148322;1;1350;5250;0,279720013;6190
POL-13983;0,225933967;0;890;4620;0,223704605;480
POL-13984;0,41199274;1;1330;4440;0,116097636;5290
POL-13985;0,403639137;0;920;5230;0,154401131;470
POL-13986;0,296675121;0;1380;7340;0,099219365;560
POL-13987;0,521871901;0;1280;6760;0,052145152;630
POL-13988;0,452225701;1;1000;9550;0,074157629;4150
POL-13989;0,119252362;0;1350;3450;0,27788769;250
POL-13990;0,122986774;0;1450;4740;0,060045845;280
POL-13991;0,093047647;0;1110;2500;0,169955792;350
POL-13992;0,159701059;0;1450;6790;0,3457341;90
POL-13993;0,344164301;1;1180;9700;0,288571765;5850
POL-13994;0,691834243;1;1470;5560;0,275185282;6700
POL-13995;0,287740794;0;1230;9230;0,13241263;100
POL-13996;0,313529272;0;1540;7890;0,242519065;500
POL-13997;0,380883422;0;1020;8230;0,199613554;590
POL-13998;0,351217048;0;1030;7670;0,23714732;320
POL-13999;0,170655071;0;1050;10110;0,180744836;230
POL-14000;0,207506419;0;1280;6100;0,209288912;520
POL-14001;0,366600886;0;1210;7870;0,346518875;510
POL-14002;0,214726333;0;1320;10190;0,148793857;720
POL-14003;0,223693976;0;960;4450;0,114935832;550
POL-14004;0,215107351;0;1070;6070;0,184548333;540
POL-14005;0,39674677;0;1570;7650;0,207296153;80
POL-14006;0,137555578;0;1340;4780;0,075688651;70
POL-14007;0,204437422;0;1410;4700;0,291791607;970
POL-14008;0,642590368;1;1190;10560;0,176615836;2150
POL-14009;0,404251395;1;1320;4880;0,17395605;5890
POL-14010;0,141163639;0;1130;5770;0,247651953;590
POL-14011;0,319586752;0;790;6930;0,2819733;340
POL-14012;0,151292222;0;1510;7360;0,345782081;530
POL-14013;0,670423316;1;1300;5410;0,10205591;5060
POL-14014;0,122581661;0;1070;6080;0,153666705;110
POL-14015;0,136279824;0;1250;4500;0,100477181;630
POL-14016;0,377319688;0;1130;5390;0,314256508;150
POL-14017;0,179901927;0;1620;7890;0,214547972;540
POL-14018;0,511584084;1;1420;8310;0,305732029;6130
POL-14019;0,331519763;1;960;8540;0,345567587;2340
POL-14020;0,498192157;0;930;6490;0,215062004;570
POL-14021;0,121758284;0;1310;6110;0,085445546;800
POL-14022;0,115177408;0;1280;3880;0,158380316;360
POL-14023;0,299518101;0;1380;5790;0,060856789;900
POL-14024;0,405713003;0;1210;6850;0,304790284;600
POL-14025;0,060850234;0;1090;8680;0,055366082;680
POL-14026;0,398798379;0;1380;2630;0,227655497;150
POL-14027;0,352413805;0;1400;5830;0,081839986;110
POL-14028;0,37615756;0;1560;1970;0,052267352;510
POL-14029;0,179229107;0;1430;3290;0,126845133;840
POL-14030;0,521086802;1;1040;9130;0,215555658;3190
POL-14031;0,083409966;0;1310;3900;0,072526374;820
POL-14032;0,321946478;0;1180;6720;0,234466365;240
POL-14033;0,395734261;0;1010;8550;0,251597666;80
POL-14034;0,129621641;0;800;5560;0,34090943;440
POL-14035;0,05752242;0;1810;4050;0,319861124;830
POL-14036;0,582359031;1;1110;6740;0,220037331;3400
POL-14037;0,426294705;0;1220;9620;0,288009443;730
POL-14038;0,399855981;1;1300;8490;0,159092324;6050
POL-14039;0,250324035;0;1280;6000;0,225713665;330
POL-14040;0,31030849;0;620;5390;0,171006251;370
POL-14041;0,280690399;0;1210;8810;0,151112529;330
POL-14042;0,436422595;0;1690;3580;0,268291846;770
POL-14043;0,275512804;0;1200;8370;0,139001163;210
POL-14044;0,132768694;0;1660;5440;0,164165681;370
POL-14045;0,126021803;0;1260;3530;0,160151471;430
POL-14046;0,511953607;1;1160;2970;0,311121028;3060
POL-14047;0,081862094;0;1290;9770;0,101121341;170
POL-14048;0,391489208;1;1260;6100;0,164442738;5310
POL-14049;0,185070903;0;1250;4710;0,316360938;480
POL-14050;0,039023375;0;1100;6410;0,054591328;170
POL-14051;0,398040673;0;910;5360;0,334360099;150
POL-14052;0,359125425;0;1390;5420;0,319670126;100
POL-14053;0,256767602;0;1270;5510;0,175354444;90
POL-14054;0,18773222;0;1670;6520;0,245907584;470
POL-14055;0,568023766;0;1240;8010;0,347319998;180
POL-14056;0,285258377;0;870;3440;0,216484513;560
POL-14057;0,223892169;0;1330;9200;0,079069607;240
POL-14058;0,112387405;0;1270;4610;0,306092304;120
POL-14059;0,119365311;0;1140;7010;0,090245484;360
POL-14060;0,402102566;0;1400;6380;0,127181497;250
POL-14061;0,221221628;0;1370;4890;0,312054606;120
POL-14062;0,011391518;0;950;8770;0,126808764;510
POL-14063;0,170362481;0;1130;4910;0,273525779;470
POL-14064;0,450689814;1;1520;9340;0,184302104;4820
POL-14065;0,372576341;1;1010;7840;0,277924684;2980
POL-14066;0,19085317;0;1210;5000;0,119705674;90
POL-14067;0,653347736;1;1310;4100;0,175869657;4310
POL-14068;0,107269595;0;960;8630;0,145448402;270
POL-14069;0,090868553;0;1230;4220;0,124713213;720
POL-14070;0,082201836;0;1220;6230;0,14432896;640
POL-14071;0,153555761;0;1170;7890;0,14689766;740
POL-14072;0,375858188;0;870;7430;0,336613458;120
POL-14073;0,184548828;0;1250;6090;0,2099691;500
POL-14074;0,23962859;0;1100;5040;0,188615656;70
POL-14075;0,056509526;0;1520;7940;0,200995571;890
POL-14076;0,511097826;1;1350;2740;0,348839293;6280
POL-14077;0,458493585;0;1060;7020;0,246076731;100
POL-14078;0,226755638;0;1150;3910;0,261045992;300
POL-14079;0,225623772;0;1280;4750;0,144086549;300
POL-14080;0,268384988;0;1150;7240;0,191461313;630
POL-14081;0,307866481;0;870;5000;0,105219617;120
POL-14082;0,287921324;1;1320;8810;0,255556837;5960
POL-14083;0,306878236;0;1380;7910;0,153348358;780
POL-14084;0,237021389;0;1440;5100;0,27448651;760
POL-14085;0,120331838;0;1480;6050;0,113948393;970
POL-14086;0,309642965;0;1040;4290;0,171050908;50
POL-14087;0,201979158;0;1450;7450;0,191355302;410
POL-14088;0,278471677;0;960;9640;0,099957606;280
POL-14089;0,081334023;0;1340;4110;0,070877328;100
POL-14090;0,211468118;1;1070;6880;0,145120309;2950
POL-14091;0,154066714;0;1350;7150;0,213467643;670
POL-14092;0,374625698;0;870;4000;0,245803685;340
POL-14093;0,291486609;0;1390;4480;0,177581403;440
POL-14094;0,166632939;0;1050;2880;0,200083284;660
POL-14095;0,181885306;0;1370;7620;0,212957892;300
POL-14096;0,335617046;0;1340;5780;0,203573246;360
POL-14097;0,323327691;1;1350;5050;0,077098567;3270
POL-14098;0,262025559;0;1260;10630;0,17150031;120
POL-14099;0,352462067;0;960;2900;0,111299427;540
POL-14100;0,4731338;1;1620;9070;0,210120792;7220
POL-14101;0,153066019;0;1220;2190;0,277422876;780
POL-14102;0,073773088;0;1220;5460;0,22384589;130
POL-14103;0,3675655;0;1600;3100;0,116546555;1090
POL-14104;0,177961086;0;1030;4860;0,112327066;70
POL-14105;0,356981194;0;1240;5420;0,061099439;330
POL-14106;0,387833257;1;1290;5080;0,177914265;3410
POL-14107;0,3090476;0;1190;7000;0,179858461;100
POL-14108;0,171107923;0;1320;8260;0,120930904;890
POL-14109;0,029563885;0;1100;6270;0,27927754;570
POL-14110;0,103659167;0;1230;7150;0,165946009;470
POL-14111;0,127924437;0;1280;9620;0,250820419;150
POL-14112;0,334554733;0;1590;5100;0,2420211;620
POL-14113;0,524274959;1;1660;8310;0,231422137;3940
POL-14114;0,132074918;0;1290;11550;0,322419848;290
POL-14115;0,29461504;0;1550;10130;0,054767035;700
POL-14116;0,213079545;0;1070;9760;0,070411193;600
POL-14117;0,146021815;0;1810;7960;0,266642195;610
POL-14118;0,396103812;0;1190;8800;0,156057776;440
POL-14119;0,460211842;1;1240;5530;0,345956719;3470
POL-14120;0,303231155;0;1380;6340;0,114923817;180
POL-14121;0,373149005;0;1460;6100;0,105025711;860
POL-14122;0,297338751;0;1210;5170;0,226466547;720
POL-14123;0,253087959;0;750;6790;0,133827584;300
POL-14124;0,493267985;1;1410;5450;0,152147896;6500
POL-14125;0,114185593;0;1020;6620;0,326307297;380
POL-14126;0,120879278;0;1440;3740;0,057872801;170
POL-14127;0,029332692;0;1440;5430;0,209377826;790
POL-14128;0,332106782;0;1300;9130;0,150469828;330
POL-14129;0,371119147;1;1480;6890;0,153797593;7280
POL-14130;0,273115731;1;1130;9170;0,124342643;3280
POL-14131;0,320566166;0;1590;5290;0,090455026;520
POL-14132;0,149954573;0;1290;6000;0,060344499;730
POL-14133;0,19951466;0;1200;6930;0,346308652;560
POL-14134;0,222212231;1;1540;6110;0,248109808;5050
POL-14135;0,121288738;0;1080;3710;0,283161592;140
POL-14136;0,125427072;0;720;7630;0,06950069;410
POL-14137;0,29684622;0;940;4530;0,054451224;510
POL-14138;0,139905485;0;1610;6480;0,230086606;260
POL-14139;0,353587945;0;1310;2240;0,267149417;280
POL-14140;0,494169687;0;1290;5200;0,16845988;710
POL-14141;0,217201445;0;1480;6250;0,166326533;1020
POL-14142;0,270148963;0;1320;7620;0,165343856;790
POL-14143;0,080186593;0;1180;4030;0,095826754;580
POL-14144;0,111699174;0;1140;4720;0,276174053;740
POL-14145;0,088254233;0;960;10030;0,11455782;230
POL-14146;0,293143262;0;980;10430;0,147323149;60
POL-14147;0,379152526;0;1290;7530;0,251377921;330
POL-14148;0,144545312;0;1210;9060;0,050031413;820
POL-14149;0,446179864;0;1370;5710;0,279877156;850
POL-14150;0,495644514;1;1230;7810;0,319728424;5710
POL-14151;0,238725548;0;980;7710;0,065485213;370
POL-14152;0,290424495;1;1310;4620;0,227487142;4010
POL-14153;0,250042303;0;1300;6890;0,172537691;730
POL-14154;0,277247227;0;1250;5910;0,073539017;370
POL-14155;0,03892037;0;1290;7240;0,254669296;830
POL-14156;0,235722406;0;1740;5430;0,233695587;150
POL-14157;0,018559195;0;950;3590;0,242798098;500
POL-14158;0,430559384;1;1010;6530;0,29404861;3190
POL-14159;0,421874171;0;820;8160;0,136075693;180
POL-14160;0,218177619;0;1270;8160;0,253120421;490
POL-14161;0,530470163;1;770;2950;0,272995308;1410
POL-14162;0,60065269;0;1310;6860;0,100644489;360
POL-14163;0,20516193;0;1240;7880;0,337120063;580
POL-14164;0,39316167;0;1110;6770;0,151994313;530
POL-14165;0,50935574;1;1370;8230;0,264112468;4590
POL-14166;0,174973397;0;1320;3680;0,276206038;580
POL-14167;0,080910279;0;1650;4210;0,201209276;840
POL-14168;0,292989529;0;1400;7680;0,088615192;140
POL-14169;0,3058295;0;1230;5800;0,13269888;590
POL-14170;0,303261566;0;680;8850;0,120274086;390
POL-14171;0,183610898;0;1480;7110;0,205592699;870
POL-14172;0,206127813;0;1480;4710;0,128380661;110
POL-14173;0,050397034;0;1580;4610;0,214031143;800
POL-14174;0,273351012;1;680;2750;0,136462026;3080
POL-14175;0,537967336;1;1300;7870;0,05029374;4770
POL-14176;0,364394029;0;1410;6270;0,15897702;570
POL-14177;0,071335488;0;1550;8330;0,232055256;340
POL-14178;0,155268813;0;1400;7020;0,282109033;350
POL-14179;0,179991172;0;1270;6730;0,058509338;480
POL-14180;0,437132334;0;1000;8130;0,1274939;150
POL-14181;0,626118043;1;1220;6300;0,345638636;2630
POL-14182;0,108528789;0;1350;5840;0,128544617;330
POL-14183;0,346655406;0;1450;6500;0,283159297;300
POL-14184;0,384612787;1;850;8180;0,202812086;3840
POL-14185;0,046916025;0;1320;4620;0,086652195;790
POL-14186;0,148556265;0;880;8350;0,243020039;180
POL-14187;0,500222021;0;1320;6630;0,339902256;630
POL-14188;0,030362074;0;960;5730;0,31604871;210
POL-14189;0,102562182;0;890;6870;0,257087836;130
POL-14190;0,614284189;1;1700;8850;0,20364448;6850
POL-14191;0,315321621;0;900;8840;0,145799902;420
POL-14192;0,148926793;0;1090;7280;0,157089988;130
POL-14193;0,192389872;0;1240;7750;0,153862022;570
POL-14194;0,367654724;0;730;6590;0,326624594;120
POL-14195;0,487192791;0;1450;5330;0,113393738;910
POL-14196;0,477072325;1;1070;7390;0,163408953;5270
POL-14197;0,089686112;0;990;5600;0,179588971;570
POL-14198;0,256498991;0;1480;4450;0,172670299;270
POL-14199;0,161361984;0;920;5660;0,051259474;380
POL-14200;0,144384628;0;1360;3220;0,131292073;870
POL-14201;0,251004666;0;1260;4020;0,199570566;310
POL-14202;0,357804611;1;1260;10560;0,278147995;3430
POL-14203;0,124296304;0;1240;8750;0,220842196;510
POL-14204;0,133907302;0;1280;6020;0,165458601;210
POL-14205;0,229109892;0;680;7540;0,249542263;360
POL-14206;0,514447857;0;1030;4600;0,249767962;450
POL-14207;0,303999601;0;1020;7820;0,124377405;280
POL-14208;0,115640192;0;1530;7020;0,081132244;780
POL-14209;0,499390612;1;1290;5090;0,290955053;4560
POL-14210;0,233925374;0;1250;5850;0,208934714;810
POL-14211;0,267748496;0;1710;5710;0,102957429;470
POL-14212;0,296776091;0;740;8200;0,12862132;400
POL-14213;0,146535577;0;1600;6340;0,279927348;350
POL-14214;0,114971153;0;1250;3340;0,245981715;640
POL-14215;0,029424552;0;1060;5600;0,333549969;70
POL-14216;0,021686294;0;1120;4940;0,189484224;270
POL-14217;0,373197086;1;1130;3540;0,065655989;4880
POL-14218;0,210632973;0;1630;4980;0,26012686;560
POL-14219;0,003584336;0;1310;2180;0,126473226;440
POL-14220;0,62240971;1;1420;4640;0,147156366;4980
POL-14221;0,37690327;0;1060;6890;0,108994476;730
POL-14222;0,203328107;0;1280;7410;0,14268062;270
POL-14223;0,581815032;1;1480;7510;0,298844143;6360
POL-14224;0,363656402;0;1530;8410;0,223013992;520
POL-14225;0,24090878;0;920;8880;0,082746123;250
POL-14226;0,061107215;0;1450;4450;0,225981102;260
POL-14227;0,22803492;0;1210;3750;0,240069007;560
POL-14228;0,247651109;0;1340;6590;0,315447107;360
POL-14229;0,164801131;0;1120;7590;0,307893633;650
POL-14230;0,287711041;0;1630;4830;0,068862535;1110
POL-14231;0,419898556;0;1320;7030;0,310009428;260
POL-14232;0,226724371;0;1100;10150;0,06526542;150
POL-14233;0,064305995;0;1130;3830;0,096236595;290
POL-14234;0,127529818;0;1460;6510;0,083465001;520
POL-14235;0,643864498;0;1430;8580;0,104509172;350
POL-14236;0,049462139;0;1270;6100;0,290978598;860
POL-14237;0,276632681;0;1150;7330;0,255835803;640
POL-14238;0,221519625;0;1490;8320;0,256088731;1010
POL-14239;0,367169511;1;1120;5900;0,326638286;4630
POL-14240;0,251351443;1;1110;4380;0,16755531;2790
POL-14241;0,225157583;0;1880;6300;0,050986233;590
POL-14242;0,459990565;0;1340;4310;0,241930536;520
POL-14243;0,359949744;0;1230;5400;0,310422316;650
POL-14244;0,246197961;0;1140;7380;0,342878054;710
POL-14245;0,278844614;0;1200;6860;0,159167819;420
POL-14246;0,54633663;1;1560;8500;0,296645657;5140
POL-14247;0,266771288;0;1460;6960;0,304768314;380
POL-14248;0,477465444;0;1090;4940;0,093331352;550
POL-14249;0,484832462;0;1170;4510;0,239449567;490
POL-14250;0,129929246;0;920;7760;0,10194203;340
POL-14251;0,126679363;0;1320;6980;0,183989245;240
POL-14252;0,326800364;0;260;6120;0,313780076;160
POL-14253;0,50130173;0;860;7180;0,286840134;480
POL-14254;0,162635198;0;1270;5090;0,221101837;180
POL-14255;0,353942804;1;590;1610;0,292612749;2200
POL-14256;0,361171651;1;1820;8590;0,095848253;3570
POL-14257;0,026693265;0;1030;7800;0,10847581;360
POL-14258;0,384141515;0;1370;6330;0,112659437;420
POL-14259;0,16905767;0;1570;4700;0,282804067;810
POL-14260;0,271555639;0;1320;6070;0,317289651;110
POL-14261;0,052142797;0;1250;3040;0,218850896;450
POL-14262;0,173449095;0;1110;6730;0,337391487;240
POL-14263;0,252173476;0;920;2630;0,268409075;100
POL-14264;0,300069813;0;1130;6710;0,21910515;400
POL-14265;0,197756985;0;1280;5090;0,233477158;210
POL-14266;0,238475528;0;1240;6200;0,304860246;270
POL-14267;0,358135511;0;1010;4220;0,077054212;380
POL-14268;0,292871374;0;1520;9520;0,100405246;1040
POL-14269;0,104518249;0;890;7220;0,129888495;440
POL-14270;0,087303164;0;1400;5120;0,318432757;320
POL-14271;0,448979637;0;1460;6140;0,333483491;440
POL-14272;0,375925025;0;1310;9710;0,156851165;410
POL-14273;0,331962941;0;1670;4600;0,327157168;250
POL-14274;0,262598951;0;1350;4280;0,21405434;210
POL-14275;0,178033357;0;1590;4190;0,191982123;230
POL-14276;0,151087584;0;580;5140;0,299829403;230
POL-14277;0,362830656;0;1480;9490;0,213825031;720
POL-14278;0,139722432;0;1400;5380;0,18634469;610
POL-14279;0,29730696;0;1380;5670;0,054789051;950
POL-14280;0,358124099;1;1400;6900;0,053869299;4670
POL-14281;0,108768126;0;1130;6440;0,23827742;780
POL-14282;0,225039905;0;1440;8440;0,072025079;510
POL-14283;0,36233836;1;1700;8140;0,271083593;7480
POL-14284;0,244016075;0;780;7150;0,236702439;520
POL-14285;0,048136967;0;1550;6040;0,18731886;550
POL-14286;0,536111302;1;1220;8420;0,262941093;3360
POL-14287;0,266443727;0;1090;4930;0,347921403;210
POL-14288;0,129792772;0;950;4800;0,123907032;210
POL-14289;0,539282304;0;1340;5680;0,21711671;920
POL-14290;0,08906862;0;1650;8820;0,302856772;410
POL-14291;0,355745848;1;1150;4830;0,055062471;5680
POL-14292;0,293969811;0;1420;5300;0,111052499;380
POL-14293;0,168931728;0;1250;6850;0,206287597;250
POL-14294;0,089017259;0;840;6390;0,215673807;140
POL-14295;0,452786497;1;1210;5740;0,075899979;3290
POL-14296;0,215998006;0;1080;7430;0,172228858;220
POL-14297;0,422709105;0;1000;5550;0,205935427;500
POL-14298;0,03330091;0;1140;8610;0,17689271;230
POL-14299;0,451997379;0;1170;6970;0,260178877;690
POL-14300;0,48155109;0;1500;8530;0,281409167;890
POL-14301;0,342574949;0;1260;4920;0,188078486;300
POL-14302;0,174651857;0;900;6200;0,177697918;490
POL-14303;0,219450351;1;1550;2710;0,261609101;6710
POL-14304;0,297043671;0;1350;9170;0,216590708;590
POL-14305;0,251000295;0;1320;11090;0,311131834;380
POL-14306;0,185897245;0;1470;5920;0,194343845;490
POL-14307;0,477437508;0;1240;7250;0,222298243;700
POL-14308;0,136892035;0;1120;6730;0,088641561;270
POL-14309;0,492455545;1;1340;3920;0,300799173;2720
POL-14310;0,191485928;0;1410;8990;0,17668764;220
POL-14311;0,302477516;0;1350;5950;0,265718988;420
POL-14312;0,435493218;1;1450;2400;0,178844825;2840
POL-14313;0,130836721;0;1280;5070;0,050303669;330
POL-14314;0,156129497;0;1000;3710;0,170123075;290
POL-14315;0,219662311;0;1090;6740;0,094250659;240
POL-14316;0,287073544;1;1590;6730;0,169584524;4710
POL-14317;0,601394643;1;1260;8870;0,146403182;4100
POL-14318;0,049331602;0;970;10160;0,110764214;590
POL-14319;0,181909176;0;940;10320;0,087131629;250
POL-14320;0,246731577;0;920;4450;0,268568367;190
POL-14321;0,366984672;1;1460;7740;0,276458091;6520
POL-14322;0,239981304;0;1330;8090;0,129499252;810
POL-14323;0,096481718;0;1710;5450;0,198557067;670
POL-14324;0,244210255;0;1390;7070;0,189221284;190
POL-14325;0,1298275;0;1410;7300;0,156574271;720
POL-14326;0,432546507;0;1750;5530;0,133291155;260
POL-14327;0,615554484;1;1010;9060;0,105809523;3480
POL-14328;0,277619041;0;870;6970;0,311867786;190
POL-14329;0,084031742;0;1390;6160;0,299993746;220
POL-14330;0,121307059;0;1190;4050;0,175153823;530
POL-14331;0,192594169;0;1320;8800;0,266360377;480
POL-14332;0,509222382;0;1560;6650;0,199499625;810
POL-14333;0,122069483;0;1440;6660;0,07561498;550
POL-14334;0,099696729;0;1630;4810;0,296717153;530
POL-14335;0,046406223;0;1020;8290;0,115781463;400
POL-14336;0,298751185;0;1470;4230;0,262045253;490
POL-14337;0,082030599;0;1060;2080;0,208219389;80
POL-14338;0,097908158;0;1670;5080;0,257161991;820
POL-14339;0,480944711;0;1360;7190;0,191360917;920
POL-14340;0,305337978;0;1380;7180;0,260768345;450
POL-14341;0,332230277;0;1100;6780;0,059843766;360
POL-14342;0,144289807;0;1120;6160;0,062255882;90
POL-14343;0,514742848;1;1350;6820;0,31890199;2910
POL-14344;0,441090845;1;1690;12220;0,274908205;6090
POL-14345;0,268363857;0;1650;7000;0,298540256;950
POL-14346;0,120558337;0;1340;5660;0,186975616;160
POL-14347;0,532160689;1;1140;6290;0,187894059;3630
POL-14348;0,096965346;0;1390;6090;0,210201211;90
POL-14349;0,277631889;0;1560;6640;0,123098614;530
POL-14350;0,06506815;0;1300;4680;0,27005075;490
POL-14351;0,595787562;1;1150;8100;0,298836321;4450
POL-14352;0,236448155;0;1420;7090;0,322167228;760
POL-14353;0,091659471;0;1190;4920;0,205110155;680
POL-14354;0,064856274;0;1160;8540;0,174372952;710
POL-14355;0,451309078;1;1240;2690;0,299279973;3020
POL-14356;0,16503174;0;1420;10810;0,275799734;790
POL-14357;0,026169338;0;1190;10270;0,310181966;110
POL-14358;0,217783865;0;1240;9950;0,246719317;420
POL-14359;0,74785844;1;1290;5510;0,314993991;3820
POL-14360;0,185164909;0;1150;6980;0,0767125;740
POL-14361;0,713846693;1;1640;5260;0,253868473;5640
POL-14362;0,581030547;0;1710;7360;0,076638527;180
POL-14363;0,338568723;0;1170;6540;0,274672293;460
POL-14364;0,147105887;0;1050;5580;0,238533161;270
POL-14365;0,361971383;0;1130;5560;0,054797606;310
POL-14366;0,215062642;0;1360;6660;0,229778296;470
POL-14367;0,319470173;0;1230;12370;0,093883943;160
POL-14368;0,12904677;0;930;9110;0,092723426;160
POL-14369;0,1604302;0;1210;6670;0,095138903;510
POL-14370;0,373617482;1;1350;6140;0,195147081;6450
POL-14371;0,306107157;0;1500;7750;0,084656076;660
POL-14372;0,034958951;0;1690;5270;0,087696725;430
POL-14373;0,415843454;0;1140;6040;0,126850396;670
POL-14374;0,242291919;0;1090;2600;0,050257467;480
POL-14375;0,127685194;0;1190;6680;0,13273693;610
POL-14376;0,487657822;0;1010;6730;0,23552233;130
POL-14377;0,22150769;0;1070;5410;0,230471168;240
POL-14378;0,237218168;0;1080;7400;0,340860094;750
POL-14379;0,402576955;0;1330;6750;0,085889024;440
POL-14380;0,209808407;0;1040;5440;0,309671399;290
POL-14381;0,041780982;0;1460;8150;0,167356928;900
POL-14382;0,12082779;0;1540;6140;0,166110886;110
POL-14383;0,449533822;1;970;4410;0,154643265;3950
POL-14384;0,096594072;0;920;2980;0,087420959;170
POL-14385;0,34012664;0;1120;9370;0,193551511;320
POL-14386;0,312408075;0;1150;6750;0,286213391;210
POL-14387;0,341056569;0;1570;6670;0,312629722;120
POL-14388;0,24900919;0;1240;6410;0,338857777;400
POL-14389;0,120040019;0;1350;8940;0,285587746;760
POL-14390;0,202723185;0;1350;6790;0,236927512;900
POL-14391;0,20594331;0;1030;9600;0,199260134;470
POL-14392;0,527305324;1;1190;6790;0,312469175;3270
POL-14393;0,4068945;0;1250;1150;0,271854082;690
POL-14394;0,120509951;0;1340;9030;0,098377453;510
POL-14395;0,390835542;1;890;7130;0,254765148;1770
POL-14396;0,068334802;0;1100;5490;0,179311579;180
POL-14397;0,30074287;0;1250;5990;0,228739903;710
POL-14398;0,282615712;1;1140;5880;0,319505925;3520
POL-14399;0,140128939;0;900;4020;0,245771165;610
POL-14400;0,065753355;0;1070;8250;0,331617286;610
POL-14401;0,128457242;0;900;5610;0,309910903;290
POL-14402;0,131535021;0;1600;4760;0,088670375;850
POL-14403;0,133281608;0;1170;15100;0,053495574;400
POL-14404;0,379269262;0;1230;4190;0,165323423;130
POL-14405;0,037095344;0;1010;6320;0,309598997;390
POL-14406;0,488562375;1;1310;1900;0,119037798;3990
POL-14407;0,118846277;0;1420;9010;0,257419977;860
POL-14408;0,323379417;0;1020;5940;0,192798611;430
POL-14409;0,373206472;0;1030;8130;0,273823328;310
POL-14410;0,477075335;0;1130;4610;0,099493064;60
POL-14411;0,393182035;0;900;3270;0,121727312;230
POL-14412;0,17988524;0;1350;5010;0,122757341;940
POL-14413;0,144144223;0;1440;9190;0,214539744;750
POL-14414;0,407718656;1;890;7650;0,136887337;3680
POL-14415;0,437377786;0;1470;3270;0,293516712;800
POL-14416;0,2774482;0;1470;1660;0,154038266;670
POL-14417;0,120648275;0;540;5860;0,248255345;230
POL-14418;0,222690961;0;970;8680;0,334550566;330
POL-14419;0,362629497;0;1100;4980;0,232077115;370
POL-14420;0,105945899;0;1390;8650;0,122646057;860
POL-14421;0,33033345;0;1360;6750;0,299137002;420
POL-14422;0,169889478;0;1020;10010;0,053762756;610
POL-14423;0,156508295;0;1660;5140;0,126961148;990
POL-14424;0,240438015;0;1070;6380;0,166247147;590
POL-14425;0,475767195;0;1040;5190;0,108793658;80
POL-14426;0,37939157;0;960;8470;0,231205428;140
POL-14427;0,326964958;0;1210;7680;0,217400185;310
POL-14428;0,763967603;1;1480;3100;0,171948971;3630
POL-14429;0,469677327;1;1020;7880;0,138313834;4170
POL-14430;0,24206234;0;1300;3520;0,180172173;100
POL-14431;0,22003557;0;1300;4680;0,137360677;340
POL-14432;0,413362251;1;1240;7990;0,116377552;4090
POL-14433;0,329109328;0;1330;3990;0,15538104;280
POL-14434;0,092689438;0;1480;5760;0,230700675;1010
POL-14435;0,144079708;1;1320;8020;0,244517257;5650
POL-14436;0,092071808;0;1510;7330;0,139204148;1000
POL-14437;0,12165559;0;970;7210;0,334219411;320
POL-14438;0,167809345;0;1140;8080;0,128587769;300
POL-14439;0,240054177;0;980;9110;0,263639633;280
POL-14440;0,177300944;0;1390;4020;0,074444017;870
POL-14441;0,179812013;0;1560;7170;0,249453364;410
POL-14442;0,339686179;1;1170;8430;0,187984625;5390
POL-14443;0,241651654;0;1320;8040;0,220732353;470
POL-14444;0,500270334;1;880;6180;0,105221798;1900
POL-14445;0,387179469;0;1260;6070;0,180069191;190
POL-14446;0,34783037;0;830;8150;0,279883357;270
POL-14447;0,418388961;0;1270;6930;0,28012545;170
POL-14448;0,114457684;0;770;8690;0,121266788;330
POL-14449;0,371404541;0;1670;6720;0,155779783;520
POL-14450;0,15532527;0;1240;5750;0,051144067;110
POL-14451;0,497816993;0;1230;2970;0,076988652;740
POL-14452;0,278594243;0;1730;6040;0,088019106;510
POL-14453;0,173364898;0;1270;4040;0,138095398;470
POL-14454;0,541567152;1;850;2840;0,277704646;1690
POL-14455;0,359263559;0;1140;4770;0,20307504;420
POL-14456;0,217073227;0;1740;7910;0,287782441;110
POL-14457;0,564269897;0;1030;6020;0,276471712;600
POL-14458;0,584218219;1;1140;6860;0,226141463;3270
POL-14459;0,230394881;0;1640;7850;0,19995806;850
POL-14460;0,040930902;0;1060;6430;0,329396258;100
POL-14461;0,221353895;0;1230;5120;0,220781067;480
POL-14462;0,374166213;0;1590;5610;0,194847195;1020
POL-14463;0,204675749;0;1110;8040;0,310736243;340
POL-14464;0,10447485;0;1050;6450;0,071431614;190
POL-14465;0,281658986;0;790;1410;0,246807896;90
POL-14466;0,171625009;0;970;5790;0,083908175;590
POL-14467;0,423739337;1;1030;7560;0,295946488;3290
POL-14468;0,057901853;0;1160;6870;0,287799856;790
POL-14469;0,532047267;1;1340;4460;0,20108001;6290
POL-14470;0,455487794;0;1240;5010;0,248313245;450
POL-14471;0,068721052;0;940;2600;0,281786507;330
POL-14472;0,124378828;0;1590;7600;0,194991161;140
POL-14473;0,234985572;0;970;7740;0,321787374;380
POL-14474;0,533930792;1;1700;6230;0,181109003;6240
POL-14475;0,148260487;0;1290;5800;0,317606755;690
POL-14476;0,202994142;0;1510;4340;0,224823215;590
POL-14477;0,422295496;1;1380;7160;0,177872979;3120
POL-14478;0,284074984;0;1630;3220;0,05122926;880
POL-14479;0,253197704;1;1240;8050;0,138666776;2510
POL-14480;0,123455654;0;1180;7660;0,310376448;370
POL-14481;0,395513104;1;1330;8840;0,178613837;3410
POL-14482;0,524471185;1;1180;6600;0,176440558;3430
POL-14483;0,40945518;1;1360;5460;0,196823204;5890
POL-14484;0,261636619;0;1640;7360;0,135891209;650
POL-14485;0,317025416;0;830;8060;0,197465381;370
POL-14486;0,18987352;0;1230;4180;0,162728935;650
POL-14487;0,375801094;1;1800;6360;0,322832759;7030
POL-14488;0,361298096;0;1150;7030;0,219190031;360
POL-14489;0,33163014;0;1500;7460;0,300245291;670
POL-14490;0,20392821;0;1470;5800;0,256062229;170
POL-14491;0,250071605;0;890;7760;0,113780895;530
POL-14492;0,173915989;0;1320;4580;0,310299683;360
POL-14493;0,308924627;0;1300;10540;0,076181239;620
POL-14494;0,22387499;0;2050;5250;0,184591358;1430
POL-14495;0,200133548;0;590;7320;0,121746628;210
POL-14496;0,782243818;1;840;5390;0,211266627;3230
POL-14497;0,037351397;0;1190;6700;0,140014874;230
POL-14498;0,339636814;0;1160;4340;0,266847878;100
POL-14499;0,076020422;0;1030;8650;0,33107561;570
POL-14500;0,256105654;0;1050;4870;0,262726993;250
POL-14501;0,411807423;1;1420;6660;0,15659311;5230
POL-14502;0,132426819;0;1040;6370;0,230020988;530
POL-14503;0,056126973;0;1110;5100;0,316557828;280
POL-14504;0,344968021;0;1500;1410;0,131008517;660
POL-14505;0,150540114;0;1460;8620;0,085461429;470
POL-14506;0,112836836;0;1130;6790;0,089229197;300
POL-14507;0,212939153;0;880;3020;0,198455903;320
POL-14508;0,601960918;0;1470;2670;0,269640878;370
POL-14509;0,195790645;0;1020;5860;0,247177323;630
POL-14510;0,167450407;0;1570;6340;0,18616685;150
POL-14511;0,209820712;0;1350;6070;0,268789412;90
POL-14512;0,09879505;0;1200;9390;0,240190987;380
POL-14513;0,214108319;0;1360;3160;0,238469227;220
POL-14514;0,529765754;0;760;6920;0,110712919;410
POL-14515;0,116838831;0;1620;7790;0,14377503;450
POL-14516;0,12544786;0;1200;7750;0,153327298;260
POL-14517;0,3843634;1;1290;8290;0,292457227;4510
POL-14518;0,419633605;0;1110;6730;0,282533147;210
POL-14519;0,489474228;0;1210;6990;0,125801827;300
POL-14520;0,048691959;0;1650;5840;0,066545682;690
POL-14521;0,19180018;0;1180;3480;0,280335143;720
POL-14522;0,406839381;1;1150;7160;0,172959854;2820
POL-14523;0,088077408;0;1420;5690;0,115940951;370
POL-14524;0,478542893;1;1330;5010;0,085105061;2520
POL-14525;0,419036313;1;1640;7240;0,053844395;6300
POL-14526;0,08549563;0;750;7420;0,17831889;180
POL-14527;0,18535729;0;1130;5090;0,151929144;390
POL-14528;0,198351298;0;890;7000;0,258941045;390
POL-14529;0,333184842;0;1560;6340;0,34299963;240
POL-14530;0,214751481;0;930;6880;0,112034786;310
POL-14531;0,144230974;0;1330;9010;0,122910842;560
POL-14532;0,551514652;0;920;7390;0,151190773;350
POL-14533;0,181502431;0;1130;7230;0,18978129;480
POL-14534;0,253101227;0;1000;4730;0,259309609;480
POL-14535;0,353519807;1;1250;5010;0,155609457;4220
POL-14536;0,186902285;0;1760;7460;0,081260163;160
POL-14537;0,360222471;0;890;3320;0,269102491;80
POL-14538;0,203310276;0;970;5790;0,288392503;590
POL-14539;0,60805606;1;1400;4970;0,124294597;3590
POL-14540;0,164598807;0;1210;6220;0,091026873;660
POL-14541;0,208304071;0;930;6070;0,208340315;610
POL-14542;0,448998405;1;1130;6760;0,11249429;3390
POL-14543;0,4816221;1;870;7430;0,16224903;1570
POL-14544;0,254189603;0;1130;8430;0,283208366;540
POL-14545;0,614446556;1;1010;8580;0,115882113;4590
POL-14546;0,068364007;0;1330;6030;0,291877778;890
POL-14547;0,247534147;0;1410;5320;0,252205996;570
POL-14548;0,201422897;0;590;4920;0,115917759;110
POL-14549;0,274809123;0;1280;5860;0,20792138;240
POL-14550;0,149992457;0;670;4520;0,234221229;390
POL-14551;0,283106368;0;1250;7440;0,110082811;270
POL-14552;0,096995316;0;1650;8550;0,093484801;130
POL-14553;0,239953048;0;1160;3450;0,20935038;380
POL-14554;0,238804801;0;1310;6520;0,25815235;760
POL-14555;0,297128765;0;1430;9610;0,189520652;460
POL-14556;0,244521474;0;1440;3540;0,071011775;820
POL-14557;0,189808563;0;1460;9450;0,327563812;860
POL-14558;0,130925515;0;1360;4780;0,258489634;830
POL-14559;0,338931414;0;1060;5290;0,236358886;460
POL-14560;0,185560072;0;1410;7740;0,243088104;710
POL-14561;0,381220234;0;1620;7520;0,16958168;360
POL-14562;0,193144562;0;1370;6290;0,34532015;160
POL-14563;0,114603865;0;1300;4970;0,089803764;520
POL-14564;0,073716892;0;830;4010;0,271742413;50
POL-14565;0,153876757;0;980;6350;0,176262788;350
POL-14566;0,586563968;1;1070;6080;0,314328814;3340
POL-14567;0,082784719;0;980;4920;0,265178382;120
POL-14568;0,116584567;0;1210;5990;0,218675667;750
POL-14569;0,243533413;0;1020;7000;0,33130809;480
POL-14570;0,164430263;0;1470;8640;0,323733008;690
POL-14571;0,238155876;0;1150;6890;0,065700199;360
POL-14572;0,345231132;0;970;6150;0,107776414;310
POL-14573;0,532827313;1;1020;4850;0,252813975;3460
POL-14574;0,184475885;0;1270;5010;0,326551828;420
POL-14575;0,627759978;1;1180;6930;0,179099001;2680
POL-14576;0,494206786;1;1260;7040;0,061491574;3300
POL-14577;0,152954055;0;1190;6060;0,242989178;260
POL-14578;0,505043037;1;1680;8310;0,108406099;5830
POL-14579;0,136561191;0;1460;6620;0,21569652;440
POL-14580;0,084241385;0;1030;5530;0,165404978;600
POL-14581;0,116908154;0;760;5190;0,217408112;440
POL-14582;0,213475676;0;1160;5060;0,329730896;310
POL-14583;0,036206518;0;970;7460;0,195740177;330
POL-14584;0,116525783;0;820;5260;0,060358647;560
POL-14585;0,054132441;0;1410;6720;0,224275396;830
POL-14586;0,637493406;1;1250;4800;0,147723659;4210
POL-14587;0,192506342;0;1530;6170;0,283440465;360
POL-14588;0,366179134;0;1230;6390;0,190978541;130
POL-14589;0,173605511;0;1200;11230;0,272411221;590
POL-14590;0,245194872;0;930;3890;0,322646299;240
POL-14591;0,072090243;0;1090;8120;0,158682197;430
POL-14592;0,146685252;0;800;4960;0,346813374;440
POL-14593;0,291113761;0;1510;9200;0,09494386;900
POL-14594;0,069613555;0;920;5100;0,243179505;240
POL-14595;0,160235557;0;1310;8570;0,060430281;270
POL-14596;0,27516634;0;1190;6940;0,113917;720
POL-14597;0,097416282;0;1350;3840;0,240133577;400
POL-14598;0,510576034;1;1260;6900;0,063857522;6240
POL-14599;0,221893283;0;920;7530;0,080536126;140
POL-14600;0,351265925;0;1170;7680;0,137303178;750
POL-14601;0,215687081;0;1570;6030;0,222691141;570
POL-14602;0,310017342;1;1040;11690;0,054794767;2040
POL-14603;0,165901576;0;1540;10390;0,194706277;610
POL-14604;0,10120071;0;1420;7180;0,237723125;870
POL-14605;0,097359415;0;1280;3870;0,170756837;390
POL-14606;0,33640842;0;1070;4500;0,070291942;180
POL-14607;0,219017542;0;1320;5960;0,233262391;560
POL-14608;0,154770733;1;1120;6310;0,231750619;5100
POL-14609;0,083080659;0;1530;4850;0,201812707;200
POL-14610;0,215559948;1;930;5410;0,257943643;1930
POL-14611;0,229623446;0;1330;2520;0,11234052;120
POL-14612;0,330803179;0;1260;2180;0,253562223;250
POL-14613;0,329991487;0;1330;6530;0,098436422;70
POL-14614;0,462957472;1;1430;9680;0,167808089;6920
POL-14615;0,05063668;0;1030;3400;0,070269994;520
POL-14616;0,303336635;0;1030;6070;0,2957382;530
POL-14617;0,19817151;0;1300;6460;0,211470026;600
POL-14618;0,214739943;0;1490;7250;0,341314761;360
POL-14619;0,165885326;0;1190;5480;0,33269798;630
POL-14620;0,076711532;0;1610;4300;0,349568341;680
POL-14621;0,14457456;0;1180;7790;0,080379851;720
POL-14622;0,231368269;0;1070;2590;0,231974114;390
POL-14623;0,313091085;0;1360;7260;0,172272563;230
POL-14624;0,338126269;0;1110;4890;0,209799376;510
POL-14625;0,102683645;0;1120;6990;0,14263021;170
POL-14626;0,246209045;0;1320;8820;0,064420651;890
POL-14627;0,3001866;0;1480;5130;0,262325081;750
POL-14628;0,25701172;0;1330;5760;0,339745122;720
POL-14629;0,031877032;0;1280;5660;0,209714548;630
POL-14630;0,260573861;0;1730;11060;0,148873985;200
POL-14631;0,177058375;0;1420;6240;0,331483475;500
POL-14632;0,181676734;0;1170;6150;0,159399959;550
POL-14633;0,443642097;0;1530;6330;0,324358758;300
POL-14634;0,412402999;0;1190;9210;0,306707256;590
POL-14635;0,182236088;0;1400;5220;0,208613302;820
POL-14636;0,210637954;0;1390;8090;0,2530618;320
POL-14637;0,105995926;0;1250;4980;0,260095233;220
POL-14638;0,078640401;0;1070;4840;0,242327512;670
POL-14639;0,43907617;1;1240;7240;0,098224986;4820
POL-14640;0,525622947;1;1130;8930;0,257832864;2980
POL-14641;0,414076425;1;1320;5730;0,050965425;3360
POL-14642;0,634925771;1;1360;5720;0,263011046;3490
POL-14643;0,29424039;0;760;7770;0,21645084;530
POL-14644;0,24063642;0;1330;6480;0,127928127;390
POL-14645;0,325259116;0;1980;7860;0,291129303;1320
POL-14646;0,283951399;0;1170;3250;0,171583682;340
POL-14647;0,279076592;0;1500;4420;0,195733155;750
POL-14648;0,250107025;0;1440;6380;0,058302366;230
POL-14649;0,269487799;0;840;7400;0,170395906;290
POL-14650;0,368687868;1;1370;6240;0,100208838;2520
POL-14651;0,116592568;0;1040;6660;0,132842994;270
POL-14652;0,39792661;0;1200;7710;0,12564185;140
POL-14653;0,353349388;0;890;4010;0,063806238;350
POL-14654;0,050725727;0;1360;7710;0,188148364;460
POL-14655;0,306334726;0;1160;8600;0,206777724;230
POL-14656;0,415796956;1;1590;5810;0,221318789;3660
POL-14657;0,139543787;0;910;4780;0,188665931;400
POL-14658;0,377377033;1;1480;8280;0,310858068;3470
POL-14659;0,497019076;0;1360;9940;0,061303924;950
POL-14660;0,28762416;0;1040;6800;0,234142582;140
POL-14661;0,370680084;0;860;4730;0,309839504;520
POL-14662;0,09518769;0;1180;6490;0,062312072;240
POL-14663;0,412854636;1;1310;4830;0,1988921;3420
POL-14664;0,278146295;0;980;7930;0,226708158;370
POL-14665;0,472799587;1;1010;6400;0,107271725;2710
POL-14666;0,405800807;0;1500;4640;0,125750033;750
POL-14667;0,259348138;0;1050;6900;0,285678001;70
POL-14668;0,277968269;0;1390;5190;0,220219335;330
POL-14669;0,198253057;0;1550;3870;0,144733609;740
POL-14670;0,283189716;0;1050;8020;0,279426567;660
POL-14671;0,523108581;0;940;7100;0,274014672;460
POL-14672;0,250440112;0;1470;5560;0,153620536;330
POL-14673;0,520330225;1;1180;9040;0,196594289;3600
POL-14674;0,52960759;1;1140;5010;0,24935568;3090
POL-14675;0,13624076;0;1610;5630;0,152974765;220
POL-14676;0,231054524;0;1180;7250;0,238702823;480
POL-14677;0,166913478;0;1320;8250;0,125322119;470
POL-14678;0,442434394;0;850;7280;0,137606248;230
POL-14679;0,260739314;0;1230;5370;0,143201793;560
POL-14680;0,279326962;0;1030;6030;0,330816431;480
POL-14681;0,431232311;1;1120;5210;0,300101643;4040
POL-14682;0,61849623;1;1110;5840;0,219549793;3700
POL-14683;0,616791346;1;1580;5990;0,219161663;7180
POL-14684;0,222878437;0;1080;7330;0,066843957;160
POL-14685;0,540770242;1;1120;5120;0,244852419;2580
POL-14686;0,377149973;0;1630;8410;0,148435957;120
POL-14687;0,389027858;0;1160;6450;0,233689809;170
POL-14688;0,639240375;1;1090;4790;0,302070124;2220
POL-14689;0,110709224;0;1530;7280;0,063649492;710
POL-14690;0,235418993;0;1250;6260;0,232119051;520
POL-14691;0,527832949;1;1270;5580;0,219260184;5150
POL-14692;0,222183098;0;1320;9330;0,112029967;460
POL-14693;0,343471083;0;1580;5870;0,243929885;570
POL-14694;0,187983966;0;990;5590;0,21645057;150
POL-14695;0,215342944;0;1540;8420;0,280196037;820
POL-14696;0,370757192;0;880;7510;0,08318557;50
POL-14697;0,42143654;0;1050;8010;0,183082206;340
POL-14698;0,194375486;0;1030;5370;0,34937988;180
POL-14699;0,418880286;0;1210;6940;0,256784254;670
POL-14700;0,24466525;1;1060;3730;0,255289467;5220
POL-14701;0,400733526;0;1570;2660;0,14536133;800
POL-14702;0,272638148;0;1380;5320;0,078166431;200
POL-14703;0,336899029;0;1250;6590;0,334848313;610
POL-14704;0,262176145;0;1030;11300;0,081641421;510
POL-14705;0,082181655;0;1600;9000;0,347811893;80
POL-14706;0,222153942;0;1270;4310;0,087734292;330
POL-14707;0,286147948;0;1190;8250;0,101272205;130
POL-14708;0,251718225;0;1220;3810;0,142510087;600
POL-14709;0,664707777;1;1190;9570;0,203712558;5470
POL-14710;0,418147504;1;1460;5490;0,287120496;7170
POL-14711;0,339479839;0;1530;5350;0,341302491;150
POL-14712;0,282680964;0;1020;8540;0,157647464;370
POL-14713;0,062594718;0;1090;5380;0,056123928;80
POL-14714;0,273215356;0;1100;10000;0,235003857;660
POL-14715;0,405384633;0;1330;5360;0,263236958;90
POL-14716;0,177677951;0;1500;8270;0,169233265;140
POL-14717;0,176643787;0;910;6730;0,105042815;420
POL-14718;0,116993943;0;990;7860;0,141804678;640
POL-14719;0,134352904;0;1160;4480;0,246739913;730
POL-14720;0,802274539;1;1380;2830;0,198254861;3020
POL-14721;0,416743738;0;1010;4620;0,273027209;240
POL-14722;0,345234443;1;1150;5690;0,115451073;4600
POL-14723;0,341508057;0;1070;6100;0,302595685;70
POL-14724;0,609097681;1;1440;5530;0,096765475;6790
POL-14725;0,486991036;1;1220;2230;0,148974629;2850
POL-14726;0,052901966;0;1070;5220;0,227362289;460
POL-14727;0,148998487;0;960;6580;0,271058957;620
POL-14728;0,360135901;0;1150;6010;0,129854441;260
POL-14729;0,309094478;1;1180;5750;0,334435921;3090
POL-14730;0,286604579;0;1460;5580;0,261833385;480
POL-14731;0,10690602;0;1500;6610;0,11530251;500
POL-14732;0,235692389;0;950;4410;0,267729661;450
POL-14733;0,389249597;1;1500;6010;0,258900108;4820
POL-14734;0,196615721;0;1430;5680;0,275805222;870
POL-14735;0,093030599;0;1120;4000;0,324764217;520
POL-14736;0,434458034;0;1440;6140;0,263515156;500
POL-14737;0,089073553;0;1050;2530;0,155573088;340
POL-14738;0,42606254;1;1350;5140;0,287155243;4680
POL-14739;0,247021775;1;1860;7170;0,258758527;7720
POL-14740;0,247095974;0;1310;7320;0,222277756;570
POL-14741;0,387087596;0;1160;6530;0,156149868;440
POL-14742;0,1979312;0;920;6950;0,326314753;430
POL-14743;0,532875237;1;1270;7740;0,203826423;2650
POL-14744;0,151737601;0;1500;6710;0,238431013;750
POL-14745;0,383182401;0;1070;8850;0,174608926;490
POL-14746;0,181112492;0;1390;2260;0,284244593;230
POL-14747;0,320066534;1;1180;8150;0,152311852;5440
POL-14748;0,307468677;0;1150;2150;0,293190317;560
POL-14749;0,353606713;0;1370;5250;0,082382429;870
POL-14750;0,108280269;0;780;7960;0,262688568;100
POL-14751;0,472489022;0;1200;7740;0,193064645;70
POL-14752;0,41854315;0;1500;4560;0,259626069;240
POL-14753;0,339323877;0;1200;6400;0,209418693;830
POL-14754;0,177528116;0;1250;5310;0,090291898;690
POL-14755;0,177171998;0;1220;8190;0,193097463;550
POL-14756;0,467756922;1;1730;6350;0,339367691;8040
POL-14757;0,124759227;0;1350;5200;0,27645218;430
POL-14758;0,205839456;0;930;7260;0,140056785;480
POL-14759;0,581986734;0;1030;7660;0,333234244;650
POL-14760;0,215933418;0;1270;6110;0,283683883;380
POL-14761;0,348311355;1;1560;7810;0,159334136;5580
POL-14762;0,22057977;0;1420;9620;0,23107219;200
POL-14763;0,571025464;0;1500;2340;0,178005681;450
POL-14764;0,597458316;1;970;8910;0,079007118;2020
POL-14765;0,473626642;1;1410;9360;0,291808822;6240
POL-14766;0,312643539;0;1070;7400;0,107323438;620
POL-14767;0,30050417;0;1220;5870;0,187411489;780
POL-14768;0,410735227;0;1460;3380;0,260791436;550
POL-14769;0,435055165;0;1110;6580;0,329664107;220
POL-14770;0,272612754;0;890;5690;0,068817827;450
POL-14771;0,434293018;0;1160;3720;0,167970067;480
POL-14772;0,322133312;0;1280;5190;0,234394317;710
POL-14773;0,0915028;0;1420;6420;0,283792792;540
POL-14774;0,186011598;0;1030;7040;0,326279353;590
POL-14775;0,357087528;0;1110;4450;0,050149195;710
POL-14776;0,347671664;1;1300;1740;0,238329015;5640
POL-14777;0,355845948;0;1390;5990;0,052081078;740
POL-14778;0,591327924;0;1300;4660;0,286176586;560
POL-14779;0,084810165;0;1210;5630;0,094899979;430
POL-14780;0,344147712;1;1070;2410;0,318386192;2310
POL-14781;0,49421498;1;1470;5860;0,096537271;4710
POL-14782;0,346668549;0;1550;7240;0,279298695;920
POL-14783;0,184495142;0;1100;5610;0,136791178;420
POL-14784;0,136842842;0;1130;6710;0,217176165;460
POL-14785;0,109413272;0;1420;5910;0,232530271;680
POL-14786;0,202647413;0;1290;2560;0,112028195;680
POL-14787;0,345605473;0;1400;6660;0,139609065;480
POL-14788;0,259013705;0;1320;4930;0,082252335;370
POL-14789;0,695792628;1;1340;3850;0,051586702;3950
POL-14790;0,100168007;0;1150;7860;0,121840412;370
POL-14791;0,243866674;0;750;7040;0,204800707;140
POL-14792;0,134983588;0;1300;5280;0,264079178;420
POL-14793;0,075278277;0;1420;6190;0,288067888;880
POL-14794;0,726973031;1;1320;6820;0,070929788;5540
POL-14795;0,502285456;1;1060;3100;0,131723866;2740
POL-14796;0,297168345;1;1110;4220;0,281067194;3570
POL-14797;0,431761502;0;1860;4310;0,194260662;610
POL-14798;0,155542699;0;1340;7500;0,104656096;590
POL-14799;0,143295647;0;660;9630;0,167664202;190
POL-14800;0,032992905;0;1110;7680;0,131010257;200
POL-14801;0,407417641;0;1200;6740;0,065196052;240
POL-14802;0,516672471;1;940;4450;0,279088144;2570
POL-14803;0,219683096;0;1220;7980;0,137508098;230
POL-14804;0,085336705;0;1130;5780;0,333539398;240
POL-14805;0,396171902;0;1300;4480;0,316437512;800
POL-14806;0,344639944;0;1180;7950;0,264883244;660
POL-14807;0,379846939;1;1070;9160;0,147990316;4430
POL-14808;0,172934211;0;1170;7980;0,133977066;300
POL-14809;0,236315017;0;1460;11260;0,192581444;580
POL-14810;0,494227989;1;1270;4980;0,15638075;4580
POL-14811;0,130081535;0;1200;5560;0,320347497;590
POL-14812;0,403552154;0;1340;4740;0,087048542;400
POL-14813;0,28141254;0;1250;4730;0,267340273;390
POL-14814;0,316386222;0;970;9290;0,233269038;220
POL-14815;0,43005211;1;1420;4280;0,291890357;3780
POL-14816;0,628006613;1;1090;5410;0,212746198;2960
POL-14817;0,264925748;0;1160;9020;0,238862203;650
POL-14818;0,087857083;0;870;7270;0,33882219;570
POL-14819;0,032192577;0;1460;4470;0,077588466;740
POL-14820;0,467518456;0;1280;6340;0,081459698;540
POL-14821;0,19541808;0;1320;3100;0,168082305;290
POL-14822;0,270012083;1;1450;6100;0,191819838;5050
POL-14823;0,056890225;0;1460;6650;0,109961613;930
POL-14824;0,139425615;0;1070;6780;0,074800339;100
POL-14825;0,204672505;0;1250;10250;0,056652877;420
POL-14826;0,457415713;0;1230;7990;0,279377675;180
POL-14827;0,228264123;0;1200;4160;0,195517218;690
POL-14828;0,579394319;1;1050;6720;0,303021029;3690
POL-14829;0,127982901;0;1610;6370;0,158251171;1000
POL-14830;0,090558291;0;1500;10230;0,261033839;140
POL-14831;0,252137759;0;1360;5620;0,196556157;870
POL-14832;0,240725409;0;1590;6760;0,233621;150
POL-14833;0,160753736;0;1370;7030;0,161059052;320
POL-14834;0,31684429;0;1170;4360;0,074350931;180
POL-14835;0,225235772;0;1140;3450;0,334212075;160
POL-14836;0,192983325;0;1350;6050;0,300826956;220
POL-14837;0,464298017;1;910;7830;0,143567532;3690
POL-14838;0,427636966;0;1470;3870;0,337610881;820
POL-14839;0,383247576;0;840;6300;0,140146619;530
POL-14840;0,655737441;1;1530;5160;0,182897006;7250
POL-14841;0,189451125;0;1370;2630;0,276540698;210
POL-14842;0,383497903;0;1740;6970;0,142701274;180
POL-14843;0,520157089;1;1300;7320;0,147352394;3240
POL-14844;0,357742824;0;1410;7840;0,173024648;770
POL-14845;0,522206873;1;1420;8070;0,190516808;6350
POL-14846;0,19817666;0;1030;6300;0,087084873;440
POL-14847;0,324663083;0;980;7300;0,055247497;80
POL-14848;0,313217075;0;1020;6880;0,325747158;320
POL-14849;0,10374552;0;1240;1350;0,15595659;510
POL-14850;0,28061106;0;1250;3500;0,08050658;550
POL-14851;0,147901972;0;1260;5020;0,277751421;70
POL-14852;0,469257793;0;1370;6600;0,138518201;250
POL-14853;0,150436099;0;1060;7040;0,104499222;710
POL-14854;0,591797503;1;1460;7800;0,33878331;5870
POL-14855;0,496200996;0;1360;7850;0,326162867;690
POL-14856;0,07197871;0;1650;6870;0,081723757;410
POL-14857;0,140726067;0;1360;7480;0,319785563;590
POL-14858;0,198810058;0;1230;9570;0,317260258;350
POL-14859;0,370699556;1;1790;7320;0,240312366;4380
POL-14860;0,541069247;1;1230;6430;0,2089214;5160
POL-14861;0,308579199;1;1320;7420;0,115231555;3910
POL-14862;0,559859235;1;1360;8130;0,086415283;4930
POL-14863;0,219719104;0;1480;9600;0,231910715;320
POL-14864;0,283551787;1;1270;4310;0,296587177;4780
POL-14865;0,23367342;0;1940;3220;0,256593156;580
POL-14866;0,495194305;1;1110;6910;0,104240127;2590
POL-14867;0,235857005;0;1620;3610;0,137005592;880
POL-14868;0,53506834;0;880;6000;0,213925276;460
POL-14869;0,342344693;0;1000;10120;0,237497755;630
POL-14870;0,147196579;0;860;6510;0,071675784;350
POL-14871;0,345305993;0;1020;6530;0,234215491;240
POL-14872;0,238181034;0;840;5700;0,270895818;510
POL-14873;0,412559021;1;1280;9510;0,104407355;3460
POL-14874;0,477103682;1;1030;7350;0,123865615;2820
POL-14875;0,453355959;0;1630;5560;0,127668977;280
POL-14876;0,339775201;0;1380;9460;0,331943076;630
POL-14877;0,21690837;0;1270;6870;0,172104836;760
POL-14878;0,286558181;0;1320;5670;0,209171437;530
POL-14879;0,126344475;0;1410;2320;0,267294305;500
POL-14880;0,62057862;1;1550;6770;0,161438079;6250
POL-14881;0,222527226;0;1130;5600;0,081666664;70
POL-14882;0,363098867;1;1080;5870;0,246296561;5080
POL-14883;0,073446296;0;1350;5760;0,25018195;870
POL-14884;0,31269127;0;1640;2840;0,128164345;770
POL-14885;0,07150089;0;910;11630;0,060568673;370
POL-14886;0,586689867;1;1350;5110;0,249605946;4280
POL-14887;0,218148929;0;1570;7840;0,261027666;410
POL-14888;0,373871278;0;1400;6060;0,057819468;130
POL-14889;0,364155649;1;1330;1030;0,257954981;6570
POL-14890;0,102625;0;1390;6200;0,331678571;370
POL-14891;0,200359111;0;1700;6740;0,103635585;620
POL-14892;0,210903881;1;1450;5410;0,206397126;6280
POL-14893;0,043517148;0;860;9400;0,259032936;330
POL-14894;0,370543962;1;1230;10080;0,119023821;4370
POL-14895;0,058232243;0;1270;7070;0,275464667;220
POL-14896;0,404881575;0;1510;7350;0,310426529;420
POL-14897;0,337196711;1;1270;4190;0,294365288;4210
POL-14898;0,474447193;0;1250;4190;0,127669675;340
POL-14899;0,034179882;0;1260;5190;0,291264932;540
POL-14900;0,579098732;1;1310;10500;0,174002973;5280
POL-14901;0,021636186;0;1230;5400;0,129939027;200
POL-14902;0,371819499;0;1150;9130;0,10039144;700
POL-14903;0,071982744;0;1210;5050;0,322694433;220
POL-14904;0,235502165;0;1330;4580;0,178069262;900
POL-14905;0,071734488;0;1410;5500;0,309719356;980
POL-14906;0,191182221;0;1930;5450;0,097863497;970
POL-14907;0,352620526;0;920;5050;0,28009804;350
POL-14908;0,320328934;0;1400;9620;0,083004004;790
POL-14909;0,207354509;0;1620;6390;0,055269484;1000
POL-14910;0,489216288;1;1060;6100;0,348514792;5140
POL-14911;0,077765804;0;1420;6550;0,0720612;170
POL-14912;0,066936682;0;1160;8330;0,188462136;60
POL-14913;0,073588727;0;1120;6550;0,313515615;200
POL-14914;0,231851989;0;1070;7110;0,295813864;180
POL-14915;0,05487793;0;1230;8540;0,191352714;210
POL-14916;0,276501531;0;1220;4360;0,233254552;470
POL-14917;0,228769644;0;1440;4820;0,238911845;560
POL-14918;0,184635109;0;890;6720;0,082947495;460
POL-14919;0,079419776;0;1460;5080;0,135471228;260
POL-14920;0,434407201;1;1460;6040;0,140294948;5300
POL-14921;0,254271946;0;1330;4290;0,163438445;640
POL-14922;0,234858524;0;1820;4770;0,132175261;660
POL-14923;0,170184364;0;1560;8720;0,125449538;750
POL-14924;0,287429468;0;1120;5770;0,156435654;330
POL-14925;0,562925133;0;950;5580;0,163767952;510
POL-14926;0,134357202;0;1080;4850;0,196167217;530
POL-14927;0,140323156;0;1100;4730;0,102060621;520
POL-14928;0,094601216;0;790;4430;0,286500999;50
POL-14929;0,29218553;1;1370;3920;0,30820031;4330
POL-14930;0,394723423;0;920;5090;0,124449465;270
POL-14931;0,11070338;0;1310;6270;0,086990218;180
POL-14932;0,234246571;0;1480;7780;0,266693594;800
POL-14933;0,211133164;0;1600;6330;0,327273537;590
POL-14934;0,326112288;1;1190;4480;0,060544502;2450
POL-14935;0,338440441;0;1070;5420;0,054330794;600
POL-14936;0,186557995;0;1580;5300;0,105027638;530
POL-14937;0,082512436;0;1630;5180;0,255437746;880
POL-14938;0,0918396;0;1420;5740;0,339434302;770
POL-14939;0,149329894;0;1080;8280;0,275114287;120
POL-14940;0,294092043;0;920;7850;0,22190978;410
POL-14941;0,111362304;0;1530;9690;0,260164818;430
POL-14942;0,297960026;0;1230;4710;0,119209493;500
POL-14943;0,287217499;0;1560;4270;0,256565584;170
POL-14944;0,672036046;1;1080;5760;0,146433486;4290
POL-14945;0,520977055;1;1530;8830;0,11672664;4300
POL-14946;0,78775978;1;1600;2290;0,1209668;3550
POL-14947;0,329607581;0;1190;6730;0,250336326;310
POL-14948;0,320399166;0;1330;5820;0,280167717;200
POL-14949;0,115933689;0;960;7750;0,224540633;280
POL-14950;0,517679624;1;970;7340;0,069156578;3050
POL-14951;0,158667376;0;1330;7740;0,0614028;420
POL-14952;0,136222643;0;1110;7480;0,115150055;720
POL-14953;0,532418409;0;1310;12100;0,135940611;230
POL-14954;0,406557341;1;1290;10070;0,171445968;3830
POL-14955;0,117344115;0;1410;8150;0,072808423;600
POL-14956;0,139586992;0;1380;5530;0,26754763;230
POL-14957;0,162993933;0;1480;5750;0,263449448;390
POL-14958;0,254856032;0;1310;8800;0,154003278;840
POL-14959;0,372208764;1;1330;8880;0,218900757;3960
POL-14960;0,438329583;0;1250;4800;0,080274783;580
POL-14961;0,260738569;0;1510;2500;0,174565593;210
POL-14962;0,213624409;0;1710;2840;0,307269427;830
POL-14963;0,371156039;0;1440;8850;0,248186739;330
POL-14964;0,25458133;0;1370;9220;0,081183133;270
POL-14965;0,127341169;0;1200;6530;0,304273409;160
POL-14966;0,527538172;1;1310;7150;0,254208869;4990
POL-14967;0,225914662;1;1150;10060;0,185916888;5240
POL-14968;0,139356334;0;1100;10530;0,257627312;350
POL-14969;0,19206001;0;1200;7860;0,101846077;670
POL-14970;0,395460731;1;1700;6460;0,215145941;3850
POL-14971;0,120557338;0;1230;5640;0,235378101;220
POL-14972;0,522843449;0;1660;5940;0,328323447;1020
POL-14973;0,336454454;1;1010;4950;0,070067513;2190
POL-14974;0,399316978;0;1280;7800;0,162434814;540
POL-14975;0,349512653;0;1430;6240;0,331044413;820
POL-14976;0,118188927;0;1440;4860;0,115166317;180
POL-14977;0,354386478;0;980;8760;0,293960098;220
POL-14978;0,091295459;0;950;7610;0,05048166;130
POL-14979;0,340522958;0;1400;7020;0,057765221;890
POL-14980;0,199915302;0;1110;6180;0,148286866;130
POL-14981;0,204308944;0;1410;7410;0,280551113;970
POL-14982;0,119818379;0;1610;5800;0,081243041;200
POL-14983;0,218361927;0;1090;12040;0,164856093;520
POL-14984;0,329444745;0;1120;11070;0,089440451;540
POL-14985;0,090870975;0;740;4870;0,117078071;480
POL-14986;0,148369871;0;1450;5980;0,200898258;380
POL-14987;0,283382222;0;1780;4700;0,145741623;470
POL-14988;0,02662051;0;940;2750;0,113573794;560
POL-14989;0,051255562;0;1560;9910;0,168049094;1070
POL-14990;0,12978188;0;1580;6200;0,260316489;110
POL-14991;0,284492225;0;1450;4310;0,085825432;670
POL-14992;0,320179207;0;1100;3030;0,193878334;230
POL-14993;0,348387902;0;1190;6950;0,132415913;620
POL-14994;0,313728099;0;1390;7220;0,163586262;770
POL-14995;0,336563686;1;1380;7320;0,296466554;6820
POL-14996;0,156789425;0;1190;8640;0,328918994;400
POL-14997;0,26655394;0;1370;8290;0,122893372;210
POL-14998;0,305547538;0;1160;3930;0,238991287;500
POL-14999;0,370889743;0;1220;4320;0,253003184;690
POL-15000;0,04259164;0;1200;8450;0,3027458;770
POL-15001;0,231739401;0;1520;5260;0,319712741;520
POL-15002;0,352859751;1;890;3570;0,190397539;3450
POL-15003;0,135583589;0;1410;3750;0,344772694;180
POL-15004;0,166074428;0;1340;8370;0,341248692;760
POL-15005;0,112646543;0;680;8340;0,201940391;270
POL-15006;0,543131738;1;1470;6760;0,212609636;4710
POL-15007;0,133727389;0;1500;4610;0,250324952;230
POL-15008;0,175130863;0;1150;6370;0,162144843;60
POL-15009;0,201028373;0;1370;6180;0,248613174;930
POL-15010;0,106937021;0;1320;5620;0,204285618;760
POL-15011;0,297366179;0;1810;7870;0,06063103;560
POL-15012;0,23006149;0;1380;5540;0,305818681;480
POL-15013;0,62630491;1;1280;7580;0,33213374;3980
POL-15014;0,158576815;0;1520;7170;0,057868724;280
POL-15015;0,069854694;0;1650;3620;0,286778546;940
POL-15016;0,527198978;0;1770;10490;0,165743978;110
POL-15017;0,231428535;0;1100;7650;0,22568954;680
POL-15018;0,202617236;0;1360;3310;0,199998484;590
POL-15019;0,25386517;0;1090;3630;0,215393195;390
POL-15020;0,413759585;1;1830;9670;0,198555891;7400
POL-15021;0,589766575;0;1260;6860;0,306012611;120
POL-15022;0,077478617;0;1490;7620;0,255052005;260
POL-15023;0,643622242;1;1210;7280;0,173791177;2510
POL-15024;0,086834185;0;1370;8670;0,256570574;620
POL-15025;0,510784136;1;800;8760;0,339514346;3250
POL-15026;0,10810419;0;1510;4740;0,074092479;450
POL-15027;0,279822903;0;1580;7510;0,166426991;350
POL-15028;0,150135379;0;1100;3690;0,31113621;520
POL-15029;0,231589008;0;800;4320;0,271716533;520
POL-15030;0,417887406;0;1620;5890;0,330478667;260
POL-15031;0,411763578;1;1590;3100;0,061942966;5030
POL-15032;0,329771513;0;1450;4940;0,308832683;640
POL-15033;0,13526812;0;1200;2160;0,287539631;410
POL-15034;0,337085095;1;1180;6460;0,294511705;5760
POL-15035;0,153340158;0;1580;9790;0,229178818;370
POL-15036;0,277197501;0;1170;6560;0,065575111;470
POL-15037;0,361006882;0;1290;6570;0,211738979;390
POL-15038;0,112586747;0;1250;5780;0,172325341;290
POL-15039;0,135693227;0;1330;8450;0,208112526;700
POL-15040;0,126546018;0;1220;6400;0,272088792;690
POL-15041;0,241856009;0;1250;4300;0,22878819;330
POL-15042;0,326584129;0;1700;6840;0,137768867;770
POL-15043;0,190607555;0;1380;9600;0,229852203;230
POL-15044;0,565862695;1;1350;3650;0,074941533;2820
POL-15045;0,098140177;0;1460;4620;0,051609797;340
POL-15046;0,315293553;1;970;6290;0,170458408;4580
POL-15047;0,569100393;1;1500;5800;0,277155908;3800
POL-15048;0,040749338;0;1330;7340;0,296790269;430
POL-15049;0,110735443;0;1100;4530;0,214951794;520
POL-15050;0,075735317;0;1230;5440;0,310402066;710
POL-15051;0,189852584;0;1380;6600;0,087774455;680
POL-15052;0,085436992;0;1270;6670;0,339231757;530
POL-15053;0,122181542;0;1520;11710;0,326528101;440
POL-15054;0,510207572;0;1060;8070;0,229771175;690
POL-15055;0,342270422;0;970;3420;0,067616637;130
POL-15056;0,402101995;0;1060;4470;0,186260859;660
POL-15057;0,179856439;0;1150;3780;0,103781888;590
POL-15058;0,423250028;0;1280;9730;0,238527581;540
POL-15059;0,099277555;0;1170;4360;0,106989558;310
POL-15060;0,206597668;0;950;7670;0,194539298;140
POL-15061;0,162681135;0;910;7470;0,111688078;310
POL-15062;0,442229296;0;930;3570;0,104553539;520
POL-15063;0,247611259;0;1180;5660;0,124377073;630
POL-15064;0,218098642;0;1050;5970;0,058758937;490
POL-15065;0,201048726;0;1150;3340;0,264834478;800
POL-15066;0,413372004;0;1580;10070;0,142017913;1080
POL-15067;0,214008933;0;960;6840;0,259432416;300
POL-15068;0,077749598;0;1320;9690;0,246043466;230
POL-15069;0,61641504;1;950;10920;0,069833798;4290
POL-15070;0,304546474;1;920;6820;0,143610427;4070
POL-15071;0,048126568;0;1340;7250;0,22005816;470
POL-15072;0,252413965;0;1420;4920;0,325520358;380
POL-15073;0,055522879;0;1450;9170;0,170395913;770
POL-15074;0,15755211;0;1530;6400;0,201437464;720
POL-15075;0,489894925;1;1210;5650;0,275047641;3170
POL-15076;0,344999902;0;1320;4960;0,290988642;540
POL-15077;0,159229332;0;1150;6650;0,327002151;780
POL-15078;0,611618603;1;1570;7740;0,199156831;4960
POL-15079;0,071319576;0;1020;6910;0,108151379;620
POL-15080;0,202065449;0;1380;7420;0,279326369;380
POL-15081;0,29547201;0;980;6070;0,087672579;560
POL-15082;0,455538459;0;1280;7510;0,175502694;830
POL-15083;0,287900053;0;850;7450;0,238463915;390
POL-15084;0,196345206;0;1310;8930;0,257556856;690
POL-15085;0,069109622;0;1740;8110;0,269908315;1170
POL-15086;0,326868767;0;1110;6810;0,108059717;330
POL-15087;0,167614506;0;1190;7330;0,34449476;460
POL-15088;0,570363643;1;1470;4200;0,103525573;3890
POL-15089;0,194287282;0;1260;9060;0,078822022;610
POL-15090;0,045649733;0;1560;6000;0,249215121;960
POL-15091;0,159263242;0;1350;6250;0,323;610
POL-15092;0,119819386;0;1470;5540;0,217815115;780
POL-15093;0,206565015;0;760;4730;0,22864473;40
POL-15094;0,170866028;0;1270;4860;0,211545424;340
POL-15095;0,250387454;0;970;4340;0,062824458;530
POL-15096;0,136005737;0;1150;6020;0,254393472;360
POL-15097;0,169720978;0;1360;8170;0,157459736;390
POL-15098;0,485883503;1;1190;6450;0,330702139;3940
POL-15099;0,438810527;1;1050;7830;0,106037014;2390
POL-15100;0,361578351;0;1560;7460;0,140634735;270
POL-15101;0,215369315;0;1500;5600;0,201456425;540
POL-15102;0,284988886;0;910;8980;0,193206513;350
POL-15103;0,114613806;0;1440;8500;0,170091423;1000
POL-15104;0,130124042;0;1290;8140;0,144320881;670
POL-15105;0,173070558;0;1310;7330;0,094155421;510
POL-15106;0,548521735;1;1640;5820;0,296276562;6030
POL-15107;0,113432816;0;1290;5820;0,184630936;830
POL-15108;0,319126558;0;1430;6440;0,221886968;670
POL-15109;0,434927449;1;1300;9260;0,213965859;3260
POL-15110;0,647212278;0;1300;8740;0,222646684;460
POL-15111;0,59748701;1;1020;3610;0,261452112;4300
POL-15112;0,435306529;0;1860;7020;0,238814299;1250
POL-15113;0,23777258;0;480;1530;0,132170875;240
POL-15114;0,255018249;0;1070;5620;0,216112978;330
POL-15115;0,089242593;0;1130;5150;0,123353872;190
POL-15116;0,080350376;0;1480;7610;0,226650938;240
POL-15117;0,217613183;0;900;4320;0,179580386;320
POL-15118;0,405891388;1;1210;3440;0,061825513;5640
POL-15119;0,410217966;0;1450;5500;0,270195706;470
POL-15120;0,443039737;1;950;6480;0,132399925;3770
POL-15121;0,369934731;0;1220;3020;0,326058307;840
POL-15122;0,212084194;0;1210;8780;0,134167172;340
POL-15123;0,240711403;0;1100;6100;0,348986823;270
POL-15124;0,276358718;0;1260;6550;0,18888535;690
POL-15125;0,086723824;0;1140;8710;0,057922196;390
POL-15126;0,092021989;0;1490;5030;0,072880695;290
POL-15127;0,414215072;1;1380;9460;0,074626405;4640
POL-15128;0,141317773;0;1200;6510;0,066864326;280
POL-15129;0,142987178;0;1270;8080;0,13033682;60
POL-15130;0,345632782;0;1150;7390;0,147376649;760
POL-15131;0,085506753;0;1580;7870;0,083385759;520
POL-15132;0,195491974;0;1360;6650;0,181439445;140
POL-15133;0,434586981;0;1220;5560;0,159605247;190
POL-15134;0,325378682;0;1360;10380;0,240897199;350
POL-15135;0,066012526;0;1720;6460;0,108759368;700
POL-15136;0,247710019;0;1080;4300;0,324195647;550
POL-15137;0,052035636;0;1470;9440;0,204797234;370
POL-15138;0,072419292;0;1350;5880;0,237119912;910
POL-15139;0,043717219;0;1200;3050;0,061856102;650
POL-15140;0,336714063;1;1070;4850;0,21772661;5120
POL-15141;0,137222768;0;1460;2580;0,160430061;380
POL-15142;0,153397853;0;1320;4940;0,327251615;390
POL-15143;0,151360774;0;1610;10020;0,315692995;640
POL-15144;0,109597975;0;1540;7420;0,24129461;530
POL-15145;0,178338692;0;1330;6490;0,280355405;290
POL-15146;0,19690581;0;1070;5350;0,243377947;750
POL-15147;0,643703958;1;1760;6220;0,055090433;7790
POL-15148;0,539083975;1;1100;8730;0,260937963;3620
POL-15149;0,41595596;0;1460;2840;0,103127229;920
POL-15150;0,276662308;0;810;12380;0,254771286;350
POL-15151;0,195273059;0;1640;4730;0,053152035;100
POL-15152;0,565881248;1;740;6000;0,143272043;1450
POL-15153;0,307417545;1;1170;6180;0,205078394;2770
POL-15154;0,281795588;0;980;6130;0,14995118;100
POL-15155;0,32884932;0;1600;5160;0,258196176;270
POL-15156;0,503846639;1;1060;8250;0,206812862;3060
POL-15157;0,2718924;0;1380;8780;0,337900214;410
POL-15158;0,083827163;0;1320;8410;0,157343727;190
POL-15159;0,033151512;0;890;6680;0,266557799;270
POL-15160;0,118829532;0;1510;5320;0,300752499;370
POL-15161;0,309258235;1;1250;6130;0,126085336;4610
POL-15162;0,152541123;0;1630;6330;0,276239443;260
POL-15163;0,369123686;0;1400;4540;0,1679942;620
POL-15164;0,42752494;1;1060;6860;0,088618145;3960
POL-15165;0,330741113;0;1200;10100;0,051094123;360
POL-15166;0,104829576;0;1190;6160;0,273127266;750
POL-15167;0,136352045;0;1440;7500;0,105873224;460
POL-15168;0,598574179;1;1440;5190;0,06535809;5010
POL-15169;0,586321397;1;1080;8270;0,199162726;4490
POL-15170;0,598269058;1;1490;5180;0,15400941;5020
POL-15171;0,448804366;0;1350;5670;0,257542011;890
POL-15172;0,582380704;0;1420;7530;0,082209289;340
POL-15173;0,085814641;0;1380;4520;0,089795951;420
POL-15174;0,156673741;0;1460;7370;0,171232312;630
POL-15175;0,374635696;0;1020;8600;0,206122451;110
POL-15176;0,106194733;0;1300;6830;0,297258176;870
POL-15177;0,26842545;0;1500;8240;0,225687557;530
POL-15178;0,149813035;0;1530;3920;0,320779234;190
POL-15179;0,555404107;1;1530;7400;0,115330351;5710
POL-15180;0,265922691;1;1030;5590;0,228865855;3650
POL-15181;0,169282119;0;1770;7270;0,246571523;490
POL-15182;0,587050748;1;1690;9660;0,267741516;7110
POL-15183;0,141310898;0;1030;530;0,346595209;280
POL-15184;0,281117552;0;1180;5260;0,190410147;310
POL-15185;0,477256394;0;1420;1920;0,160795874;370
POL-15186;0,109064514;0;1070;4040;0,305662003;590
POL-15187;0,235133707;0;1400;5550;0,103037272;350
POL-15188;0,097606305;0;1300;8220;0,061108429;80
POL-15189;0,337634025;0;1570;8120;0,183076716;450
POL-15190;0,460306988;1;1360;8060;0,124161756;4240
POL-15191;0,206717188;0;740;7620;0,16895762;470
POL-15192;0,272722254;0;1470;3820;0,345824993;530
POL-15193;0,445923646;0;1560;8100;0,154546469;320
POL-15194;0,168987055;0;1230;5140;0,262389713;850
POL-15195;0,141534549;0;1290;7400;0,125120603;270
POL-15196;0,314938917;1;1290;4660;0,141026883;4510
POL-15197;0,292026232;0;1100;6140;0,122946558;520
POL-15198;0,179588181;0;1870;6360;0,221648261;660
POL-15199;0,443654337;0;1050;7190;0,117832576;330
POL-15200;0,287193393;0;1480;4820;0,265509231;910
POL-15201;0,391280039;0;1480;7820;0,25408226;530
POL-15202;0,426876911;1;1140;3870;0,176380903;3910
POL-15203;0,203358916;1;1020;9900;0,057673106;3560
POL-15204;0,270890535;0;1220;5000;0,05679534;280
POL-15205;0,265433363;0;1420;2580;0,209842045;450
POL-15206;0,192866135;0;1330;6360;0,301759649;170
POL-15207;0,223568705;0;1700;5680;0,229662101;160
POL-15208;0,451965528;1;1100;4660;0,180695138;2110
POL-15209;0,26981935;0;1110;9190;0,31463565;380
POL-15210;0,158708449;0;1470;8010;0,109098635;240
POL-15211;0,088518041;0;830;7420;0,157827329;100
POL-15212;0,096829112;0;1110;4590;0,219592836;160
POL-15213;0,091148788;0;1220;5440;0,137500841;310
POL-15214;0,5732781;1;1250;5280;0,349313745;4120
POL-15215;0,393379062;0;1120;2850;0,185696275;200
POL-15216;0,27195224;0;790;7040;0,065516667;430
POL-15217;0,555749582;1;1600;7190;0,102825026;7900
POL-15218;0,336874056;0;1590;6740;0,20974426;210
POL-15219;0,073455274;0;830;6950;0,21501686;580
POL-15220;0,109733107;0;1420;4230;0,34524328;480
POL-15221;0,227502734;0;1220;4710;0,229989926;200
POL-15222;0,20201277;0;1390;5870;0,249988196;880
POL-15223;0,297456929;0;1320;9270;0,114116831;260
POL-15224;0,421734958;0;890;8830;0,082059464;580
POL-15225;0,177671512;0;1450;7530;0,230603002;180
POL-15226;0,721803266;1;1110;10530;0,309463993;4240
POL-15227;0,339275427;1;600;7520;0,226211886;1850
POL-15228;0,355699681;1;1300;7770;0,182834965;2540
POL-15229;0,256056433;0;860;9460;0,223461992;360
POL-15230;0,436823012;1;1540;7890;0,190631474;7010
POL-15231;0,269513566;0;1180;9800;0,092564473;710
POL-15232;0,15718135;0;1270;6560;0,272355328;390
POL-15233;0,313925198;0;1380;5220;0,209911449;730
POL-15234;0,344650718;0;1280;6310;0,169796863;600
POL-15235;0,208709039;0;1100;6980;0,217891551;570
POL-15236;0,163178417;0;1530;4690;0,122368086;420
POL-15237;0,245072948;0;1220;5080;0,178387315;810
POL-15238;0,288982032;0;970;5650;0,23673356;400
POL-15239;0,346291255;0;1340;4300;0,117858072;130
POL-15240;0,39052374;0;1230;5320;0,274698525;110
POL-15241;0,302309386;0;1240;7970;0,206303274;660
POL-15242;0,19665815;0;1280;8090;0,308512013;770
POL-15243;0,334603688;0;1260;3690;0,304170973;630
POL-15244;0,193752398;0;1610;7120;0,198355113;370
POL-15245;0,107106299;0;1050;6360;0,108639683;210
POL-15246;0,173191718;0;730;8600;0,270992536;300
POL-15247;0,23675227;0;1250;5960;0,175603441;220
POL-15248;0,299625616;0;1460;4020;0,228388245;430
POL-15249;0,218731784;0;860;5530;0,082179587;390
POL-15250;0,314952178;0;1340;4110;0,239475197;320
POL-15251;0,26415629;0;900;1990;0,162065147;260
POL-15252;0,234001027;0;1460;6390;0,150256925;420
POL-15253;0,084523015;0;1250;7540;0,343974674;440
POL-15254;0,062876788;0;1030;6870;0,179729193;500
POL-15255;0,102861116;0;850;3930;0,253411513;470
POL-15256;0,196859573;0;1800;3790;0,238318261;870
POL-15257;0,139380745;0;1830;6940;0,081291065;120
POL-15258;0,245193746;0;980;9900;0,274378261;620
POL-15259;0,116538845;0;970;9090;0,146947761;410
POL-15260;0,205368056;0;1270;5910;0,289681865;820
POL-15261;0,082838994;0;1150;6920;0,232292235;780
POL-15262;0,128180835;0;1170;8330;0,145127447;410
POL-15263;0,359711031;0;1320;6210;0,156887888;850
POL-15264;0,393242236;0;1730;3810;0,269452211;500
POL-15265;0,157719372;0;1590;860;0,215017795;350
POL-15266;0,173815966;0;1170;6860;0,250505312;110
POL-15267;0,224981581;0;1430;6100;0,097495496;490
POL-15268;0,536024639;1;790;3090;0,286093002;2630
POL-15269;0,250693905;0;1280;3650;0,146117396;880
POL-15270;0,130389448;0;1190;5970;0,23595838;460
POL-15271;0,485291846;0;1490;5410;0,084403948;790
POL-15272;0,080416862;0;1410;9360;0,146426072;890
POL-15273;0,235702554;0;1330;9340;0,244660188;540
POL-15274;0,510595775;0;1370;4800;0,13226184;220
POL-15275;0,110431821;0;1140;9510;0,314093659;690
POL-15276;0,245095162;1;1490;9730;0,24836852;4800
POL-15277;0,235813623;0;1370;7090;0,311083518;740
POL-15278;0,680196009;0;1210;4640;0,168617211;580
POL-15279;0,380611545;0;1270;6740;0,060195543;110
POL-15280;0,443150437;1;1460;2250;0,222841989;5800
POL-15281;0,314904342;0;1480;5320;0,151758051;350
POL-15282;0,390394139;0;1160;7030;0,184456513;270
POL-15283;0,229170567;0;1030;7270;0,254333064;610
POL-15284;0,30415319;0;1140;5610;0,2601994;500
POL-15285;0,088564193;0;1150;6640;0,058266924;120
POL-15286;0,049451213;0;1280;4460;0,280790802;390
POL-15287;0,736101832;1;1550;9320;0,198055674;4020
POL-15288;0,628504996;1;1130;9400;0,217009632;3520
POL-15289;0,488525264;1;1350;7920;0,139398256;3520
POL-15290;0,342962519;1;1200;5960;0,176250136;2470
POL-15291;0,71079972;1;1250;4850;0,26311254;3550
POL-15292;0,25848501;0;1330;8190;0,283014141;850
POL-15293;0,615113215;0;1550;6870;0,166131854;990
POL-15294;0,453963616;1;1310;4500;0,25733526;6400
POL-15295;0,428878255;1;600;8620;0,127413051;1920
POL-15296;0,314668081;0;1200;5600;0,2996068;560
POL-15297;0,484087828;0;1640;4770;0,232944272;360
POL-15298;0,097688217;0;1540;8390;0,282555955;360
POL-15299;0,464769793;0;1450;4920;0,193146456;70
POL-15300;0,466301034;1;1540;6750;0,118732785;7440
POL-15301;0,583441755;1;1460;9070;0,178769334;4960
POL-15302;0,439001876;1;1540;8870;0,164445618;5230
POL-15303;0,342218052;0;970;7180;0,149814963;180
POL-15304;0,417216133;0;1240;4150;0,113652124;160
POL-15305;0,274843117;0;1290;5510;0,277750143;580
POL-15306;0,195366553;0;1260;11330;0,075905498;600
POL-15307;0,267339918;0;1110;8400;0,316268279;100
POL-15308;0,154731496;0;1290;6040;0,102507417;710
POL-15309;0,317026571;0;820;3980;0,343962096;360
POL-15310;0,416594914;1;1360;2700;0,346540414;6720
POL-15311;0,08785933;0;1080;8930;0,169516112;740
POL-15312;0,328799574;0;710;8970;0,346346322;40
POL-15313;0,175175775;0;1250;6420;0,310720555;510
POL-15314;0,431829952;1;1640;5680;0,074729083;6740
POL-15315;0,324761187;0;770;8770;0,334198569;200
POL-15316;0,336607892;0;1190;3540;0,062754316;160
POL-15317;0,060043774;0;840;10500;0,104574288;410
POL-15318;0,209957658;0;1310;7980;0,225378662;410
POL-15319;0,297106924;0;1470;3990;0,074221154;1020
POL-15320;0,397953663;1;1050;8070;0,098518327;4290
POL-15321;0,272201694;0;1140;5130;0,336047536;740
POL-15322;0,329378377;0;1210;3830;0,348406365;250
POL-15323;0,048769024;0;1560;8070;0,289440963;400
POL-15324;0,264744577;0;900;4290;0,204562817;260
POL-15325;0,598961147;1;1140;3830;0,320090281;4960
POL-15326;0,361674825;0;1640;7470;0,083569631;310
POL-15327;0,189882306;0;1070;6290;0,332867561;710
POL-15328;0,329822313;1;1150;8520;0,155465878;5350
POL-15329;0,232913149;0;1300;5900;0,308446817;820
POL-15330;0,37259251;0;1830;5720;0,250512022;630
POL-15331;0,428812698;0;970;2430;0,338082291;380
POL-15332;0,371500439;0;1440;7500;0,309403384;1010
POL-15333;0,352226516;1;950;6460;0,316369344;1980
POL-15334;0,214516311;0;1000;8880;0,239526307;640
POL-15335;0,168840547;0;1120;8020;0,299947559;480
POL-15336;0,357204394;0;1370;7160;0,277139345;920
POL-15337;0,123945608;0;1110;5040;0,098486939;550
POL-15338;0,254001107;0;1280;5670;0,244579067;750
POL-15339;0,452767497;1;1070;7600;0,094452664;2330
POL-15340;0,669811237;1;1270;6400;0,310836837;3580
POL-15341;0,490530532;0;930;9340;0,06978494;430
POL-15342;0,485144237;0;930;9130;0,346114001;490
POL-15343;0,061735483;0;1120;6000;0,170188;370
POL-15344;0,351773079;0;1400;6690;0,101188806;710
POL-15345;0,390771611;0;1300;4910;0,330702495;300
POL-15346;0,186823224;0;1060;6300;0,063627796;490
POL-15347;0,265829018;0;970;8400;0,19103169;380
POL-15348;0,362303122;0;1510;5410;0,281068138;960
POL-15349;0,162082637;0;1590;5770;0,145025143;780
POL-15350;0,51026923;1;1380;4160;0,208650401;6570
POL-15351;0,425814897;0;1340;5370;0,260123905;340
POL-15352;0,266480667;0;720;7730;0,335592926;440
POL-15353;0,511927057;1;1400;6020;0,080810792;3840
POL-15354;0,086712019;0;1650;4200;0,097168011;1050
POL-15355;0,17822999;0;1520;6920;0,202661269;720
POL-15356;0,358530356;0;1500;6400;0,175542488;260
POL-15357;0,523810769;1;840;8740;0,173238848;2760
POL-15358;0,322965894;0;1070;6230;0,139088451;280
POL-15359;0,391083598;0;1210;4510;0,21820544;190
POL-15360;0,090475294;0;1070;8430;0,314986501;280
POL-15361;0,390927717;0;960;4560;0,098277302;650
POL-15362;0,503887227;0;1350;3900;0,114585899;730
POL-15363;0,566740428;0;1500;4420;0,251247049;970
POL-15364;0,16574743;0;900;5280;0,066859296;220
POL-15365;0,199611341;0;1510;2720;0,25212926;160
POL-15366;0,270672497;0;1310;3050;0,144336845;540
POL-15367;0,531590621;0;1660;8060;0,157356179;600
POL-15368;0,037662161;0;1450;6160;0,171664812;750
POL-15369;0,093007572;0;1280;6170;0,154876268;520
POL-15370;0,162848021;0;1280;6390;0,302362886;390
POL-15371;0,281597065;0;1250;7630;0,333820537;70
POL-15372;0,260175736;0;1700;4860;0,214403443;600
POL-15373;0,192105855;0;1400;7620;0,22456355;180
POL-15374;0,103431775;0;1160;6730;0,071144932;750
POL-15375;0,365126563;0;1390;4580;0,263957579;900
POL-15376;0,266766238;0;1370;7720;0,225229662;780
POL-15377;0,272062556;0;1140;6610;0,065118357;170
POL-15378;0,536908359;1;1040;4410;0,1095277;4780
POL-15379;0,257333423;0;1550;4560;0,110583026;650
POL-15380;0,280469876;0;1180;7460;0,101290386;620
POL-15381;0,325509099;0;1170;8530;0,247593786;750
POL-15382;0,347217929;0;1400;7070;0,328531885;880
POL-15383;0,175278187;0;1120;8280;0,278892598;170
POL-15384;0,652759994;1;1310;8970;0,193212046;4870
POL-15385;0,107426784;0;1150;6050;0,171215389;170
POL-15386;0,460323991;1;610;6830;0,165937432;1860
POL-15387;0,408696388;1;1350;7840;0,230374087;3770
POL-15388;0,24083047;0;1320;4210;0,157766198;650
POL-15389;0,264675272;1;1340;8570;0,117836591;5740
POL-15390;0,080149326;0;730;9230;0,230852872;450
POL-15391;0,468267928;0;910;5020;0,167211624;420
POL-15392;0,299147352;1;1540;12240;0,054237449;3010
POL-15393;0,384955182;0;1270;8090;0,056669334;190
POL-15394;0,567263498;1;780;6190;0,132240983;1650
POL-15395;0,101545652;0;1270;2350;0,20372666;880
POL-15396;0,220134572;0;860;6320;0,156271852;410
POL-15397;0,427854566;0;1110;7340;0,057216546;760
POL-15398;0,217474739;0;1310;7120;0,116945529;250
POL-15399;0,276410238;0;1310;3880;0,078925793;770
POL-15400;0,366950837;0;1500;5180;0,3345896;240
POL-15401;0,147864941;0;1370;7860;0,143850223;530
POL-15402;0,456510624;0;1380;7690;0,054429911;660
POL-15403;0,35425431;1;1150;8380;0,248168976;3820
POL-15404;0,434897726;0;1040;6740;0,119734382;510
POL-15405;0,268765034;0;1260;6440;0,220020877;330
POL-15406;0,2323515;0;1510;7520;0,095223636;1030
POL-15407;0,485180144;0;1460;6690;0,345203971;80
POL-15408;0,057004002;0;1200;3440;0,341077756;540
POL-15409;0,221729341;1;1240;9540;0,246795006;5200
POL-15410;0,135940977;0;1020;8340;0,262160787;640
POL-15411;0,309155603;0;1540;7350;0,177763667;800
POL-15412;0,204570985;1;1650;3760;0,338653804;3320
POL-15413;0,363931508;1;1360;8180;0,177121886;6360
POL-15414;0,19327979;0;840;5620;0,121840399;290
POL-15415;0,301463003;0;1420;8160;0,084613583;460
POL-15416;0,141472425;0;1660;7590;0,11243759;840
POL-15417;0,299727555;0;970;5820;0,221664051;510
POL-15418;0,063168838;0;1460;8600;0,123527515;560
POL-15419;0,481528149;1;1200;4120;0,246274829;2710
POL-15420;0,367495544;0;1560;6610;0,164655356;610
POL-15421;0,522575719;0;960;9820;0,316061872;110
POL-15422;0,257363129;0;1140;7470;0,21754342;690
POL-15423;0,578907888;0;860;8330;0,236781216;530
POL-15424;0,507416152;1;1330;6660;0,216967941;3760
POL-15425;0,367815108;0;1390;6460;0,315670632;780
POL-15426;0,397274748;0;1340;4060;0,06902587;510
POL-15427;0,062283298;0;1120;6190;0,070204612;150
POL-15428;0,27777956;1;1140;7850;0,260522073;3980
POL-15429;0,333103392;0;1170;4310;0,280389171;120
POL-15430;0,074493315;0;1470;4570;0,180076825;820
POL-15431;0,280708014;1;890;7340;0,155691562;4000
POL-15432;0,319833885;1;1160;8150;0,13338352;4160
POL-15433;0,139715207;0;880;10530;0,120318466;160
POL-15434;0,3237737;0;1150;5950;0,323587577;230
POL-15435;0,26230321;0;1250;6010;0,138541864;610
POL-15436;0,337796396;0;1780;8160;0,244423639;830
POL-15437;0,304920932;1;1080;7640;0,286128434;3690
POL-15438;0,180553087;0;1510;5980;0,056589974;790
POL-15439;0,247641751;0;820;6440;0,060162245;230
POL-15440;0,352567462;0;1260;5240;0,149941221;440
POL-15441;0,151753512;0;1260;4190;0,258804723;170
POL-15442;0,390158115;1;1440;6230;0,128239591;3870
POL-15443;0,164156012;0;1110;9550;0,050444987;330
POL-15444;0,374402682;0;1050;5060;0,13644437;480
POL-15445;0,457491311;0;730;3630;0,077039245;240
POL-15446;0,132266769;0;1330;4490;0,115823992;110
POL-15447;0,291257528;0;1090;7560;0,149957;550
POL-15448;0,381828776;0;1510;7360;0,088417207;620
POL-15449;0,379682483;0;1380;9040;0,261909418;460
POL-15450;0,278474682;0;1550;8620;0,12677607;280
POL-15451;0,078804353;0;1030;7100;0,24832844;470
POL-15452;0,416298171;0;1300;7800;0,229709856;300
POL-15453;0,335399956;0;1300;5000;0,319413646;430
POL-15454;0,320193271;0;1130;7880;0,076379952;100
POL-15455;0,330766787;0;1560;6280;0,114382433;870
POL-15456;0,499258289;1;1450;8200;0,309553529;5850
POL-15457;0,313036652;0;1760;7340;0,296639437;1110
POL-15458;0,333208172;0;1420;5550;0,107631667;870
POL-15459;0,174758687;0;1720;4300;0,082320804;1170
POL-15460;0,39260984;0;1710;5500;0,306872439;1100
POL-15461;0,089633937;0;1130;6870;0,103441417;770
POL-15462;0,38235534;0;880;4870;0,311332912;550
POL-15463;0,197877067;0;1670;6190;0,33833441;210
POL-15464;0,369082712;0;1420;8680;0,116241992;470
POL-15465;0,092605718;0;1380;8850;0,30211628;140
POL-15466;0,019872239;0;1140;7460;0,177149327;460
POL-15467;0,412228699;0;1350;9230;0,286633527;530
POL-15468;0,207996737;0;1500;3970;0,172218662;970
POL-15469;0,466875352;1;1410;9100;0,07111868;4530
POL-15470;0,364644801;0;1100;3780;0,263808582;240
POL-15471;0,410672626;1;1640;6520;0,095206592;3090
POL-15472;0,324734056;1;1280;4870;0,328107527;3970
POL-15473;0,372512835;0;1420;7980;0,175323885;580
POL-15474;0,247821721;0;1460;3370;0,074600044;580
POL-15475;0,149804842;0;1780;2970;0,118544004;1150
POL-15476;0,10434179;0;1350;5190;0,308755285;850
POL-15477;0,150816277;0;1240;5050;0,146325641;160
POL-15478;0,368447573;0;1730;5360;0,306898398;470
POL-15479;0,553258958;1;1530;5150;0,101686022;7550
POL-15480;0,151456725;0;1330;7870;0,190465437;660
POL-15481;0,347853654;0;1310;6330;0,313477848;600
POL-15482;0,212957704;0;760;9600;0,06452145;530
POL-15483;0,264681548;0;1230;6960;0,141283155;330
POL-15484;0,191455495;1;900;8260;0,322955477;3870
POL-15485;0,183317039;0;580;7660;0,228957898;400
POL-15486;0,397927474;0;1100;4700;0,264869639;550
POL-15487;0,055677522;0;900;5460;0,302638532;420
POL-15488;0,283469638;0;1160;8490;0,207078928;170
POL-15489;0,102808178;0;1330;2950;0,30360977;280
POL-15490;0,308523966;0;1380;7470;0,241629371;410
POL-15491;0,387541566;1;1220;6140;0,255695135;5200
POL-15492;0,402034734;1;930;5010;0,095856337;1960
POL-15493;0,146657959;0;1220;5970;0,331705649;780
POL-15494;0,080127363;0;980;9740;0,288825305;120
POL-15495;0,016904231;0;1600;3050;0,126258799;340
POL-15496;0,076234678;0;1210;4060;0,2239984;170
POL-15497;0,600979284;1;970;2620;0,162939771;3160
POL-15498;0,447549518;1;990;5620;0,2481206;2960
POL-15499;0,36308157;0;1250;5250;0,348124053;790
